<?xml version="1.0" encoding="UTF-8"?>
<solution instance="R102-15">
	<route id="1">
	<cost id="114"/>
		<node id="23"/>
		<node id="3"/>
		<node id="14"/>
		<node id="16"/>
		<node id="6"/>
		<node id="23"/>
	</route>
	<route id="2">
	<cost id="113"/>
		<node id="23"/>
		<node id="19"/>
		<node id="2"/>
		<node id="8"/>
		<node id="0"/>
		<node id="20"/>
		<node id="11"/>
		<node id="5"/>
		<node id="13"/>
		<node id="23"/>
	</route>  
	<route id="3">
	<cost id="90"/>
		<node id="23"/>
		<node id="12"/>
		<node id="4"/>
		<node id="7"/>
		<node id="1"/>
		<node id="17"/>
		<node id="10"/>
		<node id="9"/>
		<node id="23"/>
	</route> 
</solution>
