<?xml version="1.0" encoding="UTF-8" standalone="yes"?>
<instance>
	<info>
		<dataset>GVRP-multitech</dataset>
		<name>evrp-data/nGVRP-C106-15</name>
	</info>
	<network>
		<nodes>
			<node id="0" type="1">
				<cx>32</cx>
				<cy>30</cy>
			</node>
			<node id="1" type="1">
				<cx>63</cx>
				<cy>58</cy>
			</node>
			<node id="2" type="1">
				<cx>60</cx>
				<cy>60</cy>
			</node>
			<node id="3" type="1">
				<cx>38</cx>
				<cy>70</cy>
			</node>
			<node id="4" type="1">
				<cx>48</cx>
				<cy>30</cy>
			</node>
			<node id="5" type="1">
				<cx>23</cx>
				<cy>52</cy>
			</node>
			<node id="6" type="1">
				<cx>30</cx>
				<cy>50</cy>
			</node>
			<node id="7" type="1">
				<cx>25</cx>
				<cy>30</cy>
			</node>
			<node id="8" type="1">
				<cx>30</cx>
				<cy>30</cy>
			</node>
			<node id="9" type="1">
				<cx>45</cx>
				<cy>30</cy>
			</node>
			<node id="10" type="1">
				<cx>47</cx>
				<cy>35</cy>
			</node>
			<node id="11" type="1">
				<cx>45</cx>
				<cy>68</cy>
			</node>
			<node id="12" type="1">
				<cx>88</cx>
				<cy>35</cy>
			</node>
			<node id="13" type="1">
				<cx>70</cx>
				<cy>58</cy>
			</node>
			<node id="14" type="1">
				<cx>30</cx>
				<cy>35</cy>
			</node>
			<node id="15" type="2">
				<cx>40</cx>
				<cy>50</cy>
				<custom>
					<has_tech>1</has_tech>
				</custom>
			</node>
			<node id="16" type="2">
				<cx>39</cx>
				<cy>26</cy>
				<custom>
					<has_tech>1</has_tech>
				</custom>
			</node>
			<node id="17" type="2">
				<cx>77</cx>
				<cy>30</cy>
				<custom>
					<has_tech>1</has_tech>
				</custom>
			</node>
			<node id="18" type="0">
				<cx>40</cx>
				<cy>50</cy>
				<custom>
					<has_tech>0</has_tech>
				</custom>
			</node>
		</nodes>
		<links symmetric="true">
			<link head="0" tail="1">
				<energy_consumption>42</energy_consumption>
				<travel_time>42</travel_time>
			</link>
			<link head="0" tail="2">
				<energy_consumption>42</energy_consumption>
				<travel_time>42</travel_time>
			</link>
			<link head="0" tail="3">
				<energy_consumption>41</energy_consumption>
				<travel_time>41</travel_time>
			</link>
			<link head="0" tail="4">
				<energy_consumption>16</energy_consumption>
				<travel_time>16</travel_time>
			</link>
			<link head="0" tail="5">
				<energy_consumption>24</energy_consumption>
				<travel_time>24</travel_time>
			</link>
			<link head="0" tail="6">
				<energy_consumption>21</energy_consumption>
				<travel_time>21</travel_time>
			</link>
			<link head="0" tail="7">
				<energy_consumption>7</energy_consumption>
				<travel_time>7</travel_time>
			</link>
			<link head="0" tail="8">
				<energy_consumption>2</energy_consumption>
				<travel_time>2</travel_time>
			</link>
			<link head="0" tail="9">
				<energy_consumption>13</energy_consumption>
				<travel_time>13</travel_time>
			</link>
			<link head="0" tail="10">
				<energy_consumption>16</energy_consumption>
				<travel_time>16</travel_time>
			</link>
			<link head="0" tail="11">
				<energy_consumption>41</energy_consumption>
				<travel_time>41</travel_time>
			</link>
			<link head="0" tail="12">
				<energy_consumption>57</energy_consumption>
				<travel_time>57</travel_time>
			</link>
			<link head="0" tail="13">
				<energy_consumption>48</energy_consumption>
				<travel_time>48</travel_time>
			</link>
			<link head="0" tail="14">
				<energy_consumption>6</energy_consumption>
				<travel_time>6</travel_time>
			</link>
			<link head="0" tail="15">
				<energy_consumption>22</energy_consumption>
				<travel_time>22</travel_time>
			</link>
			<link head="0" tail="16">
				<energy_consumption>9</energy_consumption>
				<travel_time>9</travel_time>
			</link>
			<link head="0" tail="17">
				<energy_consumption>45</energy_consumption>
				<travel_time>45</travel_time>
			</link>
			<link head="0" tail="18">
				<energy_consumption>22</energy_consumption>
				<travel_time>22</travel_time>
			</link>
			<link head="1" tail="2">
				<energy_consumption>4</energy_consumption>
				<travel_time>4</travel_time>
			</link>
			<link head="1" tail="3">
				<energy_consumption>28</energy_consumption>
				<travel_time>28</travel_time>
			</link>
			<link head="1" tail="4">
				<energy_consumption>32</energy_consumption>
				<travel_time>32</travel_time>
			</link>
			<link head="1" tail="5">
				<energy_consumption>41</energy_consumption>
				<travel_time>41</travel_time>
			</link>
			<link head="1" tail="6">
				<energy_consumption>34</energy_consumption>
				<travel_time>34</travel_time>
			</link>
			<link head="1" tail="7">
				<energy_consumption>48</energy_consumption>
				<travel_time>48</travel_time>
			</link>
			<link head="1" tail="8">
				<energy_consumption>44</energy_consumption>
				<travel_time>44</travel_time>
			</link>
			<link head="1" tail="9">
				<energy_consumption>34</energy_consumption>
				<travel_time>34</travel_time>
			</link>
			<link head="1" tail="10">
				<energy_consumption>29</energy_consumption>
				<travel_time>29</travel_time>
			</link>
			<link head="1" tail="11">
				<energy_consumption>21</energy_consumption>
				<travel_time>21</travel_time>
			</link>
			<link head="1" tail="12">
				<energy_consumption>34</energy_consumption>
				<travel_time>34</travel_time>
			</link>
			<link head="1" tail="13">
				<energy_consumption>7</energy_consumption>
				<travel_time>7</travel_time>
			</link>
			<link head="1" tail="14">
				<energy_consumption>41</energy_consumption>
				<travel_time>41</travel_time>
			</link>
			<link head="1" tail="15">
				<energy_consumption>25</energy_consumption>
				<travel_time>25</travel_time>
			</link>
			<link head="1" tail="16">
				<energy_consumption>40</energy_consumption>
				<travel_time>40</travel_time>
			</link>
			<link head="1" tail="17">
				<energy_consumption>32</energy_consumption>
				<travel_time>32</travel_time>
			</link>
			<link head="1" tail="18">
				<energy_consumption>25</energy_consumption>
				<travel_time>25</travel_time>
			</link>
			<link head="2" tail="3">
				<energy_consumption>25</energy_consumption>
				<travel_time>25</travel_time>
			</link>
			<link head="2" tail="4">
				<energy_consumption>33</energy_consumption>
				<travel_time>33</travel_time>
			</link>
			<link head="2" tail="5">
				<energy_consumption>38</energy_consumption>
				<travel_time>38</travel_time>
			</link>
			<link head="2" tail="6">
				<energy_consumption>32</energy_consumption>
				<travel_time>32</travel_time>
			</link>
			<link head="2" tail="7">
				<energy_consumption>47</energy_consumption>
				<travel_time>47</travel_time>
			</link>
			<link head="2" tail="8">
				<energy_consumption>43</energy_consumption>
				<travel_time>43</travel_time>
			</link>
			<link head="2" tail="9">
				<energy_consumption>34</energy_consumption>
				<travel_time>34</travel_time>
			</link>
			<link head="2" tail="10">
				<energy_consumption>29</energy_consumption>
				<travel_time>29</travel_time>
			</link>
			<link head="2" tail="11">
				<energy_consumption>17</energy_consumption>
				<travel_time>17</travel_time>
			</link>
			<link head="2" tail="12">
				<energy_consumption>38</energy_consumption>
				<travel_time>38</travel_time>
			</link>
			<link head="2" tail="13">
				<energy_consumption>11</energy_consumption>
				<travel_time>11</travel_time>
			</link>
			<link head="2" tail="14">
				<energy_consumption>40</energy_consumption>
				<travel_time>40</travel_time>
			</link>
			<link head="2" tail="15">
				<energy_consumption>23</energy_consumption>
				<travel_time>23</travel_time>
			</link>
			<link head="2" tail="16">
				<energy_consumption>40</energy_consumption>
				<travel_time>40</travel_time>
			</link>
			<link head="2" tail="17">
				<energy_consumption>35</energy_consumption>
				<travel_time>35</travel_time>
			</link>
			<link head="2" tail="18">
				<energy_consumption>23</energy_consumption>
				<travel_time>23</travel_time>
			</link>
			<link head="3" tail="4">
				<energy_consumption>42</energy_consumption>
				<travel_time>42</travel_time>
			</link>
			<link head="3" tail="5">
				<energy_consumption>24</energy_consumption>
				<travel_time>24</travel_time>
			</link>
			<link head="3" tail="6">
				<energy_consumption>22</energy_consumption>
				<travel_time>22</travel_time>
			</link>
			<link head="3" tail="7">
				<energy_consumption>43</energy_consumption>
				<travel_time>43</travel_time>
			</link>
			<link head="3" tail="8">
				<energy_consumption>41</energy_consumption>
				<travel_time>41</travel_time>
			</link>
			<link head="3" tail="9">
				<energy_consumption>41</energy_consumption>
				<travel_time>41</travel_time>
			</link>
			<link head="3" tail="10">
				<energy_consumption>37</energy_consumption>
				<travel_time>37</travel_time>
			</link>
			<link head="3" tail="11">
				<energy_consumption>8</energy_consumption>
				<travel_time>8</travel_time>
			</link>
			<link head="3" tail="12">
				<energy_consumption>62</energy_consumption>
				<travel_time>62</travel_time>
			</link>
			<link head="3" tail="13">
				<energy_consumption>35</energy_consumption>
				<travel_time>35</travel_time>
			</link>
			<link head="3" tail="14">
				<energy_consumption>36</energy_consumption>
				<travel_time>36</travel_time>
			</link>
			<link head="3" tail="15">
				<energy_consumption>21</energy_consumption>
				<travel_time>21</travel_time>
			</link>
			<link head="3" tail="16">
				<energy_consumption>45</energy_consumption>
				<travel_time>45</travel_time>
			</link>
			<link head="3" tail="17">
				<energy_consumption>56</energy_consumption>
				<travel_time>56</travel_time>
			</link>
			<link head="3" tail="18">
				<energy_consumption>21</energy_consumption>
				<travel_time>21</travel_time>
			</link>
			<link head="4" tail="5">
				<energy_consumption>34</energy_consumption>
				<travel_time>34</travel_time>
			</link>
			<link head="4" tail="6">
				<energy_consumption>27</energy_consumption>
				<travel_time>27</travel_time>
			</link>
			<link head="4" tail="7">
				<energy_consumption>23</energy_consumption>
				<travel_time>23</travel_time>
			</link>
			<link head="4" tail="8">
				<energy_consumption>18</energy_consumption>
				<travel_time>18</travel_time>
			</link>
			<link head="4" tail="9">
				<energy_consumption>3</energy_consumption>
				<travel_time>3</travel_time>
			</link>
			<link head="4" tail="10">
				<energy_consumption>6</energy_consumption>
				<travel_time>6</travel_time>
			</link>
			<link head="4" tail="11">
				<energy_consumption>39</energy_consumption>
				<travel_time>39</travel_time>
			</link>
			<link head="4" tail="12">
				<energy_consumption>41</energy_consumption>
				<travel_time>41</travel_time>
			</link>
			<link head="4" tail="13">
				<energy_consumption>36</energy_consumption>
				<travel_time>36</travel_time>
			</link>
			<link head="4" tail="14">
				<energy_consumption>19</energy_consumption>
				<travel_time>19</travel_time>
			</link>
			<link head="4" tail="15">
				<energy_consumption>22</energy_consumption>
				<travel_time>22</travel_time>
			</link>
			<link head="4" tail="16">
				<energy_consumption>10</energy_consumption>
				<travel_time>10</travel_time>
			</link>
			<link head="4" tail="17">
				<energy_consumption>29</energy_consumption>
				<travel_time>29</travel_time>
			</link>
			<link head="4" tail="18">
				<energy_consumption>22</energy_consumption>
				<travel_time>22</travel_time>
			</link>
			<link head="5" tail="6">
				<energy_consumption>8</energy_consumption>
				<travel_time>8</travel_time>
			</link>
			<link head="5" tail="7">
				<energy_consumption>23</energy_consumption>
				<travel_time>23</travel_time>
			</link>
			<link head="5" tail="8">
				<energy_consumption>24</energy_consumption>
				<travel_time>24</travel_time>
			</link>
			<link head="5" tail="9">
				<energy_consumption>32</energy_consumption>
				<travel_time>32</travel_time>
			</link>
			<link head="5" tail="10">
				<energy_consumption>30</energy_consumption>
				<travel_time>30</travel_time>
			</link>
			<link head="5" tail="11">
				<energy_consumption>28</energy_consumption>
				<travel_time>28</travel_time>
			</link>
			<link head="5" tail="12">
				<energy_consumption>68</energy_consumption>
				<travel_time>68</travel_time>
			</link>
			<link head="5" tail="13">
				<energy_consumption>48</energy_consumption>
				<travel_time>48</travel_time>
			</link>
			<link head="5" tail="14">
				<energy_consumption>19</energy_consumption>
				<travel_time>19</travel_time>
			</link>
			<link head="5" tail="15">
				<energy_consumption>18</energy_consumption>
				<travel_time>18</travel_time>
			</link>
			<link head="5" tail="16">
				<energy_consumption>31</energy_consumption>
				<travel_time>31</travel_time>
			</link>
			<link head="5" tail="17">
				<energy_consumption>59</energy_consumption>
				<travel_time>59</travel_time>
			</link>
			<link head="5" tail="18">
				<energy_consumption>18</energy_consumption>
				<travel_time>18</travel_time>
			</link>
			<link head="6" tail="7">
				<energy_consumption>21</energy_consumption>
				<travel_time>21</travel_time>
			</link>
			<link head="6" tail="8">
				<energy_consumption>20</energy_consumption>
				<travel_time>20</travel_time>
			</link>
			<link head="6" tail="9">
				<energy_consumption>25</energy_consumption>
				<travel_time>25</travel_time>
			</link>
			<link head="6" tail="10">
				<energy_consumption>23</energy_consumption>
				<travel_time>23</travel_time>
			</link>
			<link head="6" tail="11">
				<energy_consumption>24</energy_consumption>
				<travel_time>24</travel_time>
			</link>
			<link head="6" tail="12">
				<energy_consumption>60</energy_consumption>
				<travel_time>60</travel_time>
			</link>
			<link head="6" tail="13">
				<energy_consumption>41</energy_consumption>
				<travel_time>41</travel_time>
			</link>
			<link head="6" tail="14">
				<energy_consumption>15</energy_consumption>
				<travel_time>15</travel_time>
			</link>
			<link head="6" tail="15">
				<energy_consumption>10</energy_consumption>
				<travel_time>10</travel_time>
			</link>
			<link head="6" tail="16">
				<energy_consumption>26</energy_consumption>
				<travel_time>26</travel_time>
			</link>
			<link head="6" tail="17">
				<energy_consumption>52</energy_consumption>
				<travel_time>52</travel_time>
			</link>
			<link head="6" tail="18">
				<energy_consumption>10</energy_consumption>
				<travel_time>10</travel_time>
			</link>
			<link head="7" tail="8">
				<energy_consumption>5</energy_consumption>
				<travel_time>5</travel_time>
			</link>
			<link head="7" tail="9">
				<energy_consumption>20</energy_consumption>
				<travel_time>20</travel_time>
			</link>
			<link head="7" tail="10">
				<energy_consumption>23</energy_consumption>
				<travel_time>23</travel_time>
			</link>
			<link head="7" tail="11">
				<energy_consumption>43</energy_consumption>
				<travel_time>43</travel_time>
			</link>
			<link head="7" tail="12">
				<energy_consumption>64</energy_consumption>
				<travel_time>64</travel_time>
			</link>
			<link head="7" tail="13">
				<energy_consumption>53</energy_consumption>
				<travel_time>53</travel_time>
			</link>
			<link head="7" tail="14">
				<energy_consumption>8</energy_consumption>
				<travel_time>8</travel_time>
			</link>
			<link head="7" tail="15">
				<energy_consumption>25</energy_consumption>
				<travel_time>25</travel_time>
			</link>
			<link head="7" tail="16">
				<energy_consumption>15</energy_consumption>
				<travel_time>15</travel_time>
			</link>
			<link head="7" tail="17">
				<energy_consumption>52</energy_consumption>
				<travel_time>52</travel_time>
			</link>
			<link head="7" tail="18">
				<energy_consumption>25</energy_consumption>
				<travel_time>25</travel_time>
			</link>
			<link head="8" tail="9">
				<energy_consumption>15</energy_consumption>
				<travel_time>15</travel_time>
			</link>
			<link head="8" tail="10">
				<energy_consumption>18</energy_consumption>
				<travel_time>18</travel_time>
			</link>
			<link head="8" tail="11">
				<energy_consumption>41</energy_consumption>
				<travel_time>41</travel_time>
			</link>
			<link head="8" tail="12">
				<energy_consumption>59</energy_consumption>
				<travel_time>59</travel_time>
			</link>
			<link head="8" tail="13">
				<energy_consumption>49</energy_consumption>
				<travel_time>49</travel_time>
			</link>
			<link head="8" tail="14">
				<energy_consumption>5</energy_consumption>
				<travel_time>5</travel_time>
			</link>
			<link head="8" tail="15">
				<energy_consumption>23</energy_consumption>
				<travel_time>23</travel_time>
			</link>
			<link head="8" tail="16">
				<energy_consumption>10</energy_consumption>
				<travel_time>10</travel_time>
			</link>
			<link head="8" tail="17">
				<energy_consumption>47</energy_consumption>
				<travel_time>47</travel_time>
			</link>
			<link head="8" tail="18">
				<energy_consumption>23</energy_consumption>
				<travel_time>23</travel_time>
			</link>
			<link head="9" tail="10">
				<energy_consumption>6</energy_consumption>
				<travel_time>6</travel_time>
			</link>
			<link head="9" tail="11">
				<energy_consumption>38</energy_consumption>
				<travel_time>38</travel_time>
			</link>
			<link head="9" tail="12">
				<energy_consumption>44</energy_consumption>
				<travel_time>44</travel_time>
			</link>
			<link head="9" tail="13">
				<energy_consumption>38</energy_consumption>
				<travel_time>38</travel_time>
			</link>
			<link head="9" tail="14">
				<energy_consumption>16</energy_consumption>
				<travel_time>16</travel_time>
			</link>
			<link head="9" tail="15">
				<energy_consumption>21</energy_consumption>
				<travel_time>21</travel_time>
			</link>
			<link head="9" tail="16">
				<energy_consumption>8</energy_consumption>
				<travel_time>8</travel_time>
			</link>
			<link head="9" tail="17">
				<energy_consumption>32</energy_consumption>
				<travel_time>32</travel_time>
			</link>
			<link head="9" tail="18">
				<energy_consumption>21</energy_consumption>
				<travel_time>21</travel_time>
			</link>
			<link head="10" tail="11">
				<energy_consumption>34</energy_consumption>
				<travel_time>34</travel_time>
			</link>
			<link head="10" tail="12">
				<energy_consumption>41</energy_consumption>
				<travel_time>41</travel_time>
			</link>
			<link head="10" tail="13">
				<energy_consumption>33</energy_consumption>
				<travel_time>33</travel_time>
			</link>
			<link head="10" tail="14">
				<energy_consumption>17</energy_consumption>
				<travel_time>17</travel_time>
			</link>
			<link head="10" tail="15">
				<energy_consumption>17</energy_consumption>
				<travel_time>17</travel_time>
			</link>
			<link head="10" tail="16">
				<energy_consumption>13</energy_consumption>
				<travel_time>13</travel_time>
			</link>
			<link head="10" tail="17">
				<energy_consumption>31</energy_consumption>
				<travel_time>31</travel_time>
			</link>
			<link head="10" tail="18">
				<energy_consumption>17</energy_consumption>
				<travel_time>17</travel_time>
			</link>
			<link head="11" tail="12">
				<energy_consumption>55</energy_consumption>
				<travel_time>55</travel_time>
			</link>
			<link head="11" tail="13">
				<energy_consumption>27</energy_consumption>
				<travel_time>27</travel_time>
			</link>
			<link head="11" tail="14">
				<energy_consumption>37</energy_consumption>
				<travel_time>37</travel_time>
			</link>
			<link head="11" tail="15">
				<energy_consumption>19</energy_consumption>
				<travel_time>19</travel_time>
			</link>
			<link head="11" tail="16">
				<energy_consumption>43</energy_consumption>
				<travel_time>43</travel_time>
			</link>
			<link head="11" tail="17">
				<energy_consumption>50</energy_consumption>
				<travel_time>50</travel_time>
			</link>
			<link head="11" tail="18">
				<energy_consumption>19</energy_consumption>
				<travel_time>19</travel_time>
			</link>
			<link head="12" tail="13">
				<energy_consumption>30</energy_consumption>
				<travel_time>30</travel_time>
			</link>
			<link head="12" tail="14">
				<energy_consumption>58</energy_consumption>
				<travel_time>58</travel_time>
			</link>
			<link head="12" tail="15">
				<energy_consumption>51</energy_consumption>
				<travel_time>51</travel_time>
			</link>
			<link head="12" tail="16">
				<energy_consumption>50</energy_consumption>
				<travel_time>50</travel_time>
			</link>
			<link head="12" tail="17">
				<energy_consumption>13</energy_consumption>
				<travel_time>13</travel_time>
			</link>
			<link head="12" tail="18">
				<energy_consumption>51</energy_consumption>
				<travel_time>51</travel_time>
			</link>
			<link head="13" tail="14">
				<energy_consumption>47</energy_consumption>
				<travel_time>47</travel_time>
			</link>
			<link head="13" tail="15">
				<energy_consumption>32</energy_consumption>
				<travel_time>32</travel_time>
			</link>
			<link head="13" tail="16">
				<energy_consumption>45</energy_consumption>
				<travel_time>45</travel_time>
			</link>
			<link head="13" tail="17">
				<energy_consumption>29</energy_consumption>
				<travel_time>29</travel_time>
			</link>
			<link head="13" tail="18">
				<energy_consumption>32</energy_consumption>
				<travel_time>32</travel_time>
			</link>
			<link head="14" tail="15">
				<energy_consumption>19</energy_consumption>
				<travel_time>19</travel_time>
			</link>
			<link head="14" tail="16">
				<energy_consumption>13</energy_consumption>
				<travel_time>13</travel_time>
			</link>
			<link head="14" tail="17">
				<energy_consumption>48</energy_consumption>
				<travel_time>48</travel_time>
			</link>
			<link head="14" tail="18">
				<energy_consumption>19</energy_consumption>
				<travel_time>19</travel_time>
			</link>
			<link head="15" tail="16">
				<energy_consumption>25</energy_consumption>
				<travel_time>25</travel_time>
			</link>
			<link head="15" tail="17">
				<energy_consumption>43</energy_consumption>
				<travel_time>43</travel_time>
			</link>
			<link head="15" tail="18">
				<energy_consumption>0</energy_consumption>
				<travel_time>0</travel_time>
			</link>
			<link head="16" tail="17">
				<energy_consumption>39</energy_consumption>
				<travel_time>39</travel_time>
			</link>
			<link head="16" tail="18">
				<energy_consumption>25</energy_consumption>
				<travel_time>25</travel_time>
			</link>
			<link head="17" tail="18">
				<energy_consumption>43</energy_consumption>
				<travel_time>43</travel_time>
			</link>
		</links>
	</network>
	<fleet>
		<vehicle_profile type="0" number="3">
			<departure_node>18</departure_node>
			<arrival_node>18</arrival_node>
			<capacity>200</capacity>
			<max_travel_time>1236</max_travel_time>
			<custom>
				<battery_capacity>77</battery_capacity>
				<charging_techs>
					<function has_tech="0">
						<gamma>1</gamma>
						<rho>0</rho>
					</function>
					<function has_tech="1">
						<gamma>1</gamma>
						<rho>3.47001</rho>
					</function>
				</charging_techs>
			</custom>
		</vehicle_profile>
	</fleet>
	<requests>
		<request id="0" node="0">
			<quantity>10</quantity>
			<service_time>90</service_time>
		</request>
		<request id="1" node="1">
			<quantity>10</quantity>
			<service_time>90</service_time>
		</request>
		<request id="2" node="2">
			<quantity>10</quantity>
			<service_time>90</service_time>
		</request>
		<request id="3" node="3">
			<quantity>10</quantity>
			<service_time>90</service_time>
		</request>
		<request id="4" node="4">
			<quantity>10</quantity>
			<service_time>90</service_time>
		</request>
		<request id="5" node="5">
			<quantity>10</quantity>
			<service_time>90</service_time>
		</request>
		<request id="6" node="6">
			<quantity>10</quantity>
			<service_time>90</service_time>
		</request>
		<request id="7" node="7">
			<quantity>10</quantity>
			<service_time>90</service_time>
		</request>
		<request id="8" node="8">
			<quantity>10</quantity>
			<service_time>90</service_time>
		</request>
		<request id="9" node="9">
			<quantity>10</quantity>
			<service_time>90</service_time>
		</request>
		<request id="10" node="10">
			<quantity>10</quantity>
			<service_time>90</service_time>
		</request>
		<request id="11" node="11">
			<quantity>10</quantity>
			<service_time>90</service_time>
		</request>
		<request id="12" node="12">
			<quantity>20</quantity>
			<service_time>90</service_time>
		</request>
		<request id="13" node="13">
			<quantity>20</quantity>
			<service_time>90</service_time>
		</request>
		<request id="14" node="14">
			<quantity>10</quantity>
			<service_time>90</service_time>
		</request>
		<request id="15" node="15">
			<quantity>0</quantity>
			<service_time>0</service_time>
		</request>
		<request id="16" node="16">
			<quantity>0</quantity>
			<service_time>0</service_time>
		</request>
		<request id="17" node="17">
			<quantity>0</quantity>
			<service_time>0</service_time>
		</request>
		<request id="18" node="18">
			<quantity>0</quantity>
			<service_time>0</service_time>
		</request>
	</requests>
</instance>

