<?xml version="1.0" encoding="UTF-8" standalone="yes"?>
<instance>
	<info>
		<dataset>GVRP-multitech</dataset>
		<name>evrp-data/nGVRP-R203-5</name>
	</info>
	<network>
		<nodes>
			<node id="0" type="1">
				<cx>47</cx>
				<cy>47</cy>
			</node>
			<node id="1" type="1">
				<cx>22</cx>
				<cy>27</cy>
			</node>
			<node id="2" type="1">
				<cx>57</cx>
				<cy>48</cy>
			</node>
			<node id="3" type="1">
				<cx>65</cx>
				<cy>20</cy>
			</node>
			<node id="4" type="1">
				<cx>6</cx>
				<cy>68</cy>
			</node>
			<node id="5" type="2">
				<cx>35</cx>
				<cy>35</cy>
				<custom>
					<has_tech>1</has_tech>
				</custom>
			</node>
			<node id="6" type="2">
				<cx>64</cx>
				<cy>37</cy>
				<custom>
					<has_tech>1</has_tech>
				</custom>
			</node>
			<node id="7" type="2">
				<cx>20</cx>
				<cy>61</cy>
				<custom>
					<has_tech>1</has_tech>
				</custom>
			</node>
			<node id="8" type="2">
				<cx>15</cx>
				<cy>42</cy>
				<custom>
					<has_tech>1</has_tech>
				</custom>
			</node>
			<node id="9" type="0">
				<cx>35</cx>
				<cy>35</cy>
				<custom>
					<has_tech>0</has_tech>
				</custom>
			</node>
		</nodes>
		<links symmetric="true">
			<link head="0" tail="1">
				<energy_consumption>33</energy_consumption>
				<travel_time>33</travel_time>
			</link>
			<link head="0" tail="2">
				<energy_consumption>11</energy_consumption>
				<travel_time>11</travel_time>
			</link>
			<link head="0" tail="3">
				<energy_consumption>33</energy_consumption>
				<travel_time>33</travel_time>
			</link>
			<link head="0" tail="4">
				<energy_consumption>47</energy_consumption>
				<travel_time>47</travel_time>
			</link>
			<link head="0" tail="5">
				<energy_consumption>17</energy_consumption>
				<travel_time>17</travel_time>
			</link>
			<link head="0" tail="6">
				<energy_consumption>20</energy_consumption>
				<travel_time>20</travel_time>
			</link>
			<link head="0" tail="7">
				<energy_consumption>31</energy_consumption>
				<travel_time>31</travel_time>
			</link>
			<link head="0" tail="8">
				<energy_consumption>33</energy_consumption>
				<travel_time>33</travel_time>
			</link>
			<link head="0" tail="9">
				<energy_consumption>17</energy_consumption>
				<travel_time>17</travel_time>
			</link>
			<link head="1" tail="2">
				<energy_consumption>41</energy_consumption>
				<travel_time>41</travel_time>
			</link>
			<link head="1" tail="3">
				<energy_consumption>44</energy_consumption>
				<travel_time>44</travel_time>
			</link>
			<link head="1" tail="4">
				<energy_consumption>45</energy_consumption>
				<travel_time>45</travel_time>
			</link>
			<link head="1" tail="5">
				<energy_consumption>16</energy_consumption>
				<travel_time>16</travel_time>
			</link>
			<link head="1" tail="6">
				<energy_consumption>44</energy_consumption>
				<travel_time>44</travel_time>
			</link>
			<link head="1" tail="7">
				<energy_consumption>35</energy_consumption>
				<travel_time>35</travel_time>
			</link>
			<link head="1" tail="8">
				<energy_consumption>17</energy_consumption>
				<travel_time>17</travel_time>
			</link>
			<link head="1" tail="9">
				<energy_consumption>16</energy_consumption>
				<travel_time>16</travel_time>
			</link>
			<link head="2" tail="3">
				<energy_consumption>30</energy_consumption>
				<travel_time>30</travel_time>
			</link>
			<link head="2" tail="4">
				<energy_consumption>55</energy_consumption>
				<travel_time>55</travel_time>
			</link>
			<link head="2" tail="5">
				<energy_consumption>26</energy_consumption>
				<travel_time>26</travel_time>
			</link>
			<link head="2" tail="6">
				<energy_consumption>14</energy_consumption>
				<travel_time>14</travel_time>
			</link>
			<link head="2" tail="7">
				<energy_consumption>40</energy_consumption>
				<travel_time>40</travel_time>
			</link>
			<link head="2" tail="8">
				<energy_consumption>43</energy_consumption>
				<travel_time>43</travel_time>
			</link>
			<link head="2" tail="9">
				<energy_consumption>26</energy_consumption>
				<travel_time>26</travel_time>
			</link>
			<link head="3" tail="4">
				<energy_consumption>77</energy_consumption>
				<travel_time>77</travel_time>
			</link>
			<link head="3" tail="5">
				<energy_consumption>34</energy_consumption>
				<travel_time>34</travel_time>
			</link>
			<link head="3" tail="6">
				<energy_consumption>18</energy_consumption>
				<travel_time>18</travel_time>
			</link>
			<link head="3" tail="7">
				<energy_consumption>61</energy_consumption>
				<travel_time>61</travel_time>
			</link>
			<link head="3" tail="8">
				<energy_consumption>55</energy_consumption>
				<travel_time>55</travel_time>
			</link>
			<link head="3" tail="9">
				<energy_consumption>34</energy_consumption>
				<travel_time>34</travel_time>
			</link>
			<link head="4" tail="5">
				<energy_consumption>44</energy_consumption>
				<travel_time>44</travel_time>
			</link>
			<link head="4" tail="6">
				<energy_consumption>66</energy_consumption>
				<travel_time>66</travel_time>
			</link>
			<link head="4" tail="7">
				<energy_consumption>16</energy_consumption>
				<travel_time>16</travel_time>
			</link>
			<link head="4" tail="8">
				<energy_consumption>28</energy_consumption>
				<travel_time>28</travel_time>
			</link>
			<link head="4" tail="9">
				<energy_consumption>44</energy_consumption>
				<travel_time>44</travel_time>
			</link>
			<link head="5" tail="6">
				<energy_consumption>30</energy_consumption>
				<travel_time>30</travel_time>
			</link>
			<link head="5" tail="7">
				<energy_consumption>31</energy_consumption>
				<travel_time>31</travel_time>
			</link>
			<link head="5" tail="8">
				<energy_consumption>22</energy_consumption>
				<travel_time>22</travel_time>
			</link>
			<link head="5" tail="9">
				<energy_consumption>0</energy_consumption>
				<travel_time>0</travel_time>
			</link>
			<link head="6" tail="7">
				<energy_consumption>51</energy_consumption>
				<travel_time>51</travel_time>
			</link>
			<link head="6" tail="8">
				<energy_consumption>50</energy_consumption>
				<travel_time>50</travel_time>
			</link>
			<link head="6" tail="9">
				<energy_consumption>30</energy_consumption>
				<travel_time>30</travel_time>
			</link>
			<link head="7" tail="8">
				<energy_consumption>20</energy_consumption>
				<travel_time>20</travel_time>
			</link>
			<link head="7" tail="9">
				<energy_consumption>31</energy_consumption>
				<travel_time>31</travel_time>
			</link>
			<link head="8" tail="9">
				<energy_consumption>22</energy_consumption>
				<travel_time>22</travel_time>
			</link>
		</links>
	</network>
	<fleet>
		<vehicle_profile type="0" number="1">
			<departure_node>9</departure_node>
			<arrival_node>9</arrival_node>
			<capacity>1000</capacity>
			<max_travel_time>1000</max_travel_time>
			<custom>
				<battery_capacity>60</battery_capacity>
				<charging_techs>
					<function has_tech="0">
						<gamma>1</gamma>
						<rho>0</rho>
					</function>
					<function has_tech="1">
						<gamma>1</gamma>
						<rho>0.49</rho>
					</function>
				</charging_techs>
			</custom>
		</vehicle_profile>
	</fleet>
	<requests>
		<request id="0" node="0">
			<quantity>13</quantity>
			<service_time>10</service_time>
		</request>
		<request id="1" node="1">
			<quantity>11</quantity>
			<service_time>10</service_time>
		</request>
		<request id="2" node="2">
			<quantity>23</quantity>
			<service_time>10</service_time>
		</request>
		<request id="3" node="3">
			<quantity>6</quantity>
			<service_time>10</service_time>
		</request>
		<request id="4" node="4">
			<quantity>30</quantity>
			<service_time>10</service_time>
		</request>
		<request id="5" node="5">
			<quantity>0</quantity>
			<service_time>0</service_time>
		</request>
		<request id="6" node="6">
			<quantity>0</quantity>
			<service_time>0</service_time>
		</request>
		<request id="7" node="7">
			<quantity>0</quantity>
			<service_time>0</service_time>
		</request>
		<request id="8" node="8">
			<quantity>0</quantity>
			<service_time>0</service_time>
		</request>
		<request id="9" node="9">
			<quantity>0</quantity>
			<service_time>0</service_time>
		</request>
	</requests>
</instance>

