<?xml version="1.0" encoding="UTF-8" standalone="yes"?>
<instance>
	<info>
		<dataset>GVRP-multitech</dataset>
		<name>evrp-data/nGVRP-RC204-5</name>
	</info>
	<network>
		<nodes>
			<node id="0" type="1">
				<cx>38</cx>
				<cy>5</cy>
			</node>
			<node id="1" type="1">
				<cx>42</cx>
				<cy>10</cy>
			</node>
			<node id="2" type="1">
				<cx>42</cx>
				<cy>12</cy>
			</node>
			<node id="3" type="1">
				<cx>20</cx>
				<cy>80</cy>
			</node>
			<node id="4" type="1">
				<cx>49</cx>
				<cy>58</cy>
			</node>
			<node id="5" type="2">
				<cx>40</cx>
				<cy>50</cy>
				<custom>
					<has_tech>1</has_tech>
				</custom>
			</node>
			<node id="6" type="2">
				<cx>14</cx>
				<cy>59</cy>
				<custom>
					<has_tech>1</has_tech>
				</custom>
			</node>
			<node id="7" type="2">
				<cx>22</cx>
				<cy>34</cy>
				<custom>
					<has_tech>1</has_tech>
				</custom>
			</node>
			<node id="8" type="2">
				<cx>39</cx>
				<cy>26</cy>
				<custom>
					<has_tech>1</has_tech>
				</custom>
			</node>
			<node id="9" type="0">
				<cx>40</cx>
				<cy>50</cy>
				<custom>
					<has_tech>0</has_tech>
				</custom>
			</node>
		</nodes>
		<links symmetric="true">
			<link head="0" tail="1">
				<energy_consumption>7</energy_consumption>
				<travel_time>7</travel_time>
			</link>
			<link head="0" tail="2">
				<energy_consumption>9</energy_consumption>
				<travel_time>9</travel_time>
			</link>
			<link head="0" tail="3">
				<energy_consumption>78</energy_consumption>
				<travel_time>78</travel_time>
			</link>
			<link head="0" tail="4">
				<energy_consumption>55</energy_consumption>
				<travel_time>55</travel_time>
			</link>
			<link head="0" tail="5">
				<energy_consumption>46</energy_consumption>
				<travel_time>46</travel_time>
			</link>
			<link head="0" tail="6">
				<energy_consumption>60</energy_consumption>
				<travel_time>60</travel_time>
			</link>
			<link head="0" tail="7">
				<energy_consumption>34</energy_consumption>
				<travel_time>34</travel_time>
			</link>
			<link head="0" tail="8">
				<energy_consumption>22</energy_consumption>
				<travel_time>22</travel_time>
			</link>
			<link head="0" tail="9">
				<energy_consumption>46</energy_consumption>
				<travel_time>46</travel_time>
			</link>
			<link head="1" tail="2">
				<energy_consumption>2</energy_consumption>
				<travel_time>2</travel_time>
			</link>
			<link head="1" tail="3">
				<energy_consumption>74</energy_consumption>
				<travel_time>74</travel_time>
			</link>
			<link head="1" tail="4">
				<energy_consumption>49</energy_consumption>
				<travel_time>49</travel_time>
			</link>
			<link head="1" tail="5">
				<energy_consumption>41</energy_consumption>
				<travel_time>41</travel_time>
			</link>
			<link head="1" tail="6">
				<energy_consumption>57</energy_consumption>
				<travel_time>57</travel_time>
			</link>
			<link head="1" tail="7">
				<energy_consumption>32</energy_consumption>
				<travel_time>32</travel_time>
			</link>
			<link head="1" tail="8">
				<energy_consumption>17</energy_consumption>
				<travel_time>17</travel_time>
			</link>
			<link head="1" tail="9">
				<energy_consumption>41</energy_consumption>
				<travel_time>41</travel_time>
			</link>
			<link head="2" tail="3">
				<energy_consumption>72</energy_consumption>
				<travel_time>72</travel_time>
			</link>
			<link head="2" tail="4">
				<energy_consumption>47</energy_consumption>
				<travel_time>47</travel_time>
			</link>
			<link head="2" tail="5">
				<energy_consumption>39</energy_consumption>
				<travel_time>39</travel_time>
			</link>
			<link head="2" tail="6">
				<energy_consumption>55</energy_consumption>
				<travel_time>55</travel_time>
			</link>
			<link head="2" tail="7">
				<energy_consumption>30</energy_consumption>
				<travel_time>30</travel_time>
			</link>
			<link head="2" tail="8">
				<energy_consumption>15</energy_consumption>
				<travel_time>15</travel_time>
			</link>
			<link head="2" tail="9">
				<energy_consumption>39</energy_consumption>
				<travel_time>39</travel_time>
			</link>
			<link head="3" tail="4">
				<energy_consumption>37</energy_consumption>
				<travel_time>37</travel_time>
			</link>
			<link head="3" tail="5">
				<energy_consumption>37</energy_consumption>
				<travel_time>37</travel_time>
			</link>
			<link head="3" tail="6">
				<energy_consumption>22</energy_consumption>
				<travel_time>22</travel_time>
			</link>
			<link head="3" tail="7">
				<energy_consumption>47</energy_consumption>
				<travel_time>47</travel_time>
			</link>
			<link head="3" tail="8">
				<energy_consumption>58</energy_consumption>
				<travel_time>58</travel_time>
			</link>
			<link head="3" tail="9">
				<energy_consumption>37</energy_consumption>
				<travel_time>37</travel_time>
			</link>
			<link head="4" tail="5">
				<energy_consumption>13</energy_consumption>
				<travel_time>13</travel_time>
			</link>
			<link head="4" tail="6">
				<energy_consumption>36</energy_consumption>
				<travel_time>36</travel_time>
			</link>
			<link head="4" tail="7">
				<energy_consumption>37</energy_consumption>
				<travel_time>37</travel_time>
			</link>
			<link head="4" tail="8">
				<energy_consumption>34</energy_consumption>
				<travel_time>34</travel_time>
			</link>
			<link head="4" tail="9">
				<energy_consumption>13</energy_consumption>
				<travel_time>13</travel_time>
			</link>
			<link head="5" tail="6">
				<energy_consumption>28</energy_consumption>
				<travel_time>28</travel_time>
			</link>
			<link head="5" tail="7">
				<energy_consumption>25</energy_consumption>
				<travel_time>25</travel_time>
			</link>
			<link head="5" tail="8">
				<energy_consumption>25</energy_consumption>
				<travel_time>25</travel_time>
			</link>
			<link head="5" tail="9">
				<energy_consumption>0</energy_consumption>
				<travel_time>0</travel_time>
			</link>
			<link head="6" tail="7">
				<energy_consumption>27</energy_consumption>
				<travel_time>27</travel_time>
			</link>
			<link head="6" tail="8">
				<energy_consumption>42</energy_consumption>
				<travel_time>42</travel_time>
			</link>
			<link head="6" tail="9">
				<energy_consumption>28</energy_consumption>
				<travel_time>28</travel_time>
			</link>
			<link head="7" tail="8">
				<energy_consumption>19</energy_consumption>
				<travel_time>19</travel_time>
			</link>
			<link head="7" tail="9">
				<energy_consumption>25</energy_consumption>
				<travel_time>25</travel_time>
			</link>
			<link head="8" tail="9">
				<energy_consumption>25</energy_consumption>
				<travel_time>25</travel_time>
			</link>
		</links>
	</network>
	<fleet>
		<vehicle_profile type="0" number="1">
			<departure_node>9</departure_node>
			<arrival_node>9</arrival_node>
			<capacity>1000</capacity>
			<max_travel_time>960</max_travel_time>
			<custom>
				<battery_capacity>77</battery_capacity>
				<charging_techs>
					<function has_tech="0">
						<gamma>1</gamma>
						<rho>0</rho>
					</function>
					<function has_tech="1">
						<gamma>1</gamma>
						<rho>0.39</rho>
					</function>
				</charging_techs>
			</custom>
		</vehicle_profile>
	</fleet>
	<requests>
		<request id="0" node="0">
			<quantity>30</quantity>
			<service_time>10</service_time>
		</request>
		<request id="1" node="1">
			<quantity>40</quantity>
			<service_time>10</service_time>
		</request>
		<request id="2" node="2">
			<quantity>10</quantity>
			<service_time>10</service_time>
		</request>
		<request id="3" node="3">
			<quantity>40</quantity>
			<service_time>10</service_time>
		</request>
		<request id="4" node="4">
			<quantity>10</quantity>
			<service_time>10</service_time>
		</request>
		<request id="5" node="5">
			<quantity>0</quantity>
			<service_time>0</service_time>
		</request>
		<request id="6" node="6">
			<quantity>0</quantity>
			<service_time>0</service_time>
		</request>
		<request id="7" node="7">
			<quantity>0</quantity>
			<service_time>0</service_time>
		</request>
		<request id="8" node="8">
			<quantity>0</quantity>
			<service_time>0</service_time>
		</request>
		<request id="9" node="9">
			<quantity>0</quantity>
			<service_time>0</service_time>
		</request>
	</requests>
</instance>

