<?xml version="1.0" encoding="UTF-8" standalone="yes"?>
<instance>
	<info>
		<dataset>GVRP-multitech</dataset>
		<name>evrp-data/nGVRP-RC205-10</name>
	</info>
	<network>
		<nodes>
			<node id="0" type="1">
				<cx>55</cx>
				<cy>54</cy>
			</node>
			<node id="1" type="1">
				<cx>55</cx>
				<cy>85</cy>
			</node>
			<node id="2" type="1">
				<cx>12</cx>
				<cy>24</cy>
			</node>
			<node id="3" type="1">
				<cx>31</cx>
				<cy>67</cy>
			</node>
			<node id="4" type="1">
				<cx>2</cx>
				<cy>40</cy>
			</node>
			<node id="5" type="1">
				<cx>15</cx>
				<cy>10</cy>
			</node>
			<node id="6" type="1">
				<cx>88</cx>
				<cy>35</cy>
			</node>
			<node id="7" type="1">
				<cx>27</cx>
				<cy>43</cy>
			</node>
			<node id="8" type="1">
				<cx>61</cx>
				<cy>52</cy>
			</node>
			<node id="9" type="1">
				<cx>18</cx>
				<cy>75</cy>
			</node>
			<node id="10" type="2">
				<cx>40</cx>
				<cy>50</cy>
				<custom>
					<has_tech>1</has_tech>
				</custom>
			</node>
			<node id="11" type="2">
				<cx>77</cx>
				<cy>52</cy>
				<custom>
					<has_tech>1</has_tech>
				</custom>
			</node>
			<node id="12" type="2">
				<cx>57</cx>
				<cy>82</cy>
				<custom>
					<has_tech>1</has_tech>
				</custom>
			</node>
			<node id="13" type="2">
				<cx>10</cx>
				<cy>28</cy>
				<custom>
					<has_tech>1</has_tech>
				</custom>
			</node>
			<node id="14" type="0">
				<cx>40</cx>
				<cy>50</cy>
				<custom>
					<has_tech>0</has_tech>
				</custom>
			</node>
		</nodes>
		<links symmetric="true">
			<link head="0" tail="1">
				<energy_consumption>31</energy_consumption>
				<travel_time>31</travel_time>
			</link>
			<link head="0" tail="2">
				<energy_consumption>53</energy_consumption>
				<travel_time>53</travel_time>
			</link>
			<link head="0" tail="3">
				<energy_consumption>28</energy_consumption>
				<travel_time>28</travel_time>
			</link>
			<link head="0" tail="4">
				<energy_consumption>55</energy_consumption>
				<travel_time>55</travel_time>
			</link>
			<link head="0" tail="5">
				<energy_consumption>60</energy_consumption>
				<travel_time>60</travel_time>
			</link>
			<link head="0" tail="6">
				<energy_consumption>39</energy_consumption>
				<travel_time>39</travel_time>
			</link>
			<link head="0" tail="7">
				<energy_consumption>31</energy_consumption>
				<travel_time>31</travel_time>
			</link>
			<link head="0" tail="8">
				<energy_consumption>7</energy_consumption>
				<travel_time>7</travel_time>
			</link>
			<link head="0" tail="9">
				<energy_consumption>43</energy_consumption>
				<travel_time>43</travel_time>
			</link>
			<link head="0" tail="10">
				<energy_consumption>16</energy_consumption>
				<travel_time>16</travel_time>
			</link>
			<link head="0" tail="11">
				<energy_consumption>23</energy_consumption>
				<travel_time>23</travel_time>
			</link>
			<link head="0" tail="12">
				<energy_consumption>29</energy_consumption>
				<travel_time>29</travel_time>
			</link>
			<link head="0" tail="13">
				<energy_consumption>52</energy_consumption>
				<travel_time>52</travel_time>
			</link>
			<link head="0" tail="14">
				<energy_consumption>16</energy_consumption>
				<travel_time>16</travel_time>
			</link>
			<link head="1" tail="2">
				<energy_consumption>75</energy_consumption>
				<travel_time>75</travel_time>
			</link>
			<link head="1" tail="3">
				<energy_consumption>30</energy_consumption>
				<travel_time>30</travel_time>
			</link>
			<link head="1" tail="4">
				<energy_consumption>70</energy_consumption>
				<travel_time>70</travel_time>
			</link>
			<link head="1" tail="5">
				<energy_consumption>85</energy_consumption>
				<travel_time>85</travel_time>
			</link>
			<link head="1" tail="6">
				<energy_consumption>60</energy_consumption>
				<travel_time>60</travel_time>
			</link>
			<link head="1" tail="7">
				<energy_consumption>51</energy_consumption>
				<travel_time>51</travel_time>
			</link>
			<link head="1" tail="8">
				<energy_consumption>34</energy_consumption>
				<travel_time>34</travel_time>
			</link>
			<link head="1" tail="9">
				<energy_consumption>39</energy_consumption>
				<travel_time>39</travel_time>
			</link>
			<link head="1" tail="10">
				<energy_consumption>39</energy_consumption>
				<travel_time>39</travel_time>
			</link>
			<link head="1" tail="11">
				<energy_consumption>40</energy_consumption>
				<travel_time>40</travel_time>
			</link>
			<link head="1" tail="12">
				<energy_consumption>4</energy_consumption>
				<travel_time>4</travel_time>
			</link>
			<link head="1" tail="13">
				<energy_consumption>73</energy_consumption>
				<travel_time>73</travel_time>
			</link>
			<link head="1" tail="14">
				<energy_consumption>39</energy_consumption>
				<travel_time>39</travel_time>
			</link>
			<link head="2" tail="3">
				<energy_consumption>48</energy_consumption>
				<travel_time>48</travel_time>
			</link>
			<link head="2" tail="4">
				<energy_consumption>19</energy_consumption>
				<travel_time>19</travel_time>
			</link>
			<link head="2" tail="5">
				<energy_consumption>15</energy_consumption>
				<travel_time>15</travel_time>
			</link>
			<link head="2" tail="6">
				<energy_consumption>77</energy_consumption>
				<travel_time>77</travel_time>
			</link>
			<link head="2" tail="7">
				<energy_consumption>25</energy_consumption>
				<travel_time>25</travel_time>
			</link>
			<link head="2" tail="8">
				<energy_consumption>57</energy_consumption>
				<travel_time>57</travel_time>
			</link>
			<link head="2" tail="9">
				<energy_consumption>52</energy_consumption>
				<travel_time>52</travel_time>
			</link>
			<link head="2" tail="10">
				<energy_consumption>39</energy_consumption>
				<travel_time>39</travel_time>
			</link>
			<link head="2" tail="11">
				<energy_consumption>71</energy_consumption>
				<travel_time>71</travel_time>
			</link>
			<link head="2" tail="12">
				<energy_consumption>74</energy_consumption>
				<travel_time>74</travel_time>
			</link>
			<link head="2" tail="13">
				<energy_consumption>5</energy_consumption>
				<travel_time>5</travel_time>
			</link>
			<link head="2" tail="14">
				<energy_consumption>39</energy_consumption>
				<travel_time>39</travel_time>
			</link>
			<link head="3" tail="4">
				<energy_consumption>40</energy_consumption>
				<travel_time>40</travel_time>
			</link>
			<link head="3" tail="5">
				<energy_consumption>60</energy_consumption>
				<travel_time>60</travel_time>
			</link>
			<link head="3" tail="6">
				<energy_consumption>66</energy_consumption>
				<travel_time>66</travel_time>
			</link>
			<link head="3" tail="7">
				<energy_consumption>25</energy_consumption>
				<travel_time>25</travel_time>
			</link>
			<link head="3" tail="8">
				<energy_consumption>34</energy_consumption>
				<travel_time>34</travel_time>
			</link>
			<link head="3" tail="9">
				<energy_consumption>16</energy_consumption>
				<travel_time>16</travel_time>
			</link>
			<link head="3" tail="10">
				<energy_consumption>20</energy_consumption>
				<travel_time>20</travel_time>
			</link>
			<link head="3" tail="11">
				<energy_consumption>49</energy_consumption>
				<travel_time>49</travel_time>
			</link>
			<link head="3" tail="12">
				<energy_consumption>31</energy_consumption>
				<travel_time>31</travel_time>
			</link>
			<link head="3" tail="13">
				<energy_consumption>45</energy_consumption>
				<travel_time>45</travel_time>
			</link>
			<link head="3" tail="14">
				<energy_consumption>20</energy_consumption>
				<travel_time>20</travel_time>
			</link>
			<link head="4" tail="5">
				<energy_consumption>33</energy_consumption>
				<travel_time>33</travel_time>
			</link>
			<link head="4" tail="6">
				<energy_consumption>87</energy_consumption>
				<travel_time>87</travel_time>
			</link>
			<link head="4" tail="7">
				<energy_consumption>26</energy_consumption>
				<travel_time>26</travel_time>
			</link>
			<link head="4" tail="8">
				<energy_consumption>61</energy_consumption>
				<travel_time>61</travel_time>
			</link>
			<link head="4" tail="9">
				<energy_consumption>39</energy_consumption>
				<travel_time>39</travel_time>
			</link>
			<link head="4" tail="10">
				<energy_consumption>40</energy_consumption>
				<travel_time>40</travel_time>
			</link>
			<link head="4" tail="11">
				<energy_consumption>76</energy_consumption>
				<travel_time>76</travel_time>
			</link>
			<link head="4" tail="12">
				<energy_consumption>70</energy_consumption>
				<travel_time>70</travel_time>
			</link>
			<link head="4" tail="13">
				<energy_consumption>15</energy_consumption>
				<travel_time>15</travel_time>
			</link>
			<link head="4" tail="14">
				<energy_consumption>40</energy_consumption>
				<travel_time>40</travel_time>
			</link>
			<link head="5" tail="6">
				<energy_consumption>78</energy_consumption>
				<travel_time>78</travel_time>
			</link>
			<link head="5" tail="7">
				<energy_consumption>36</energy_consumption>
				<travel_time>36</travel_time>
			</link>
			<link head="5" tail="8">
				<energy_consumption>63</energy_consumption>
				<travel_time>63</travel_time>
			</link>
			<link head="5" tail="9">
				<energy_consumption>66</energy_consumption>
				<travel_time>66</travel_time>
			</link>
			<link head="5" tail="10">
				<energy_consumption>48</energy_consumption>
				<travel_time>48</travel_time>
			</link>
			<link head="5" tail="11">
				<energy_consumption>75</energy_consumption>
				<travel_time>75</travel_time>
			</link>
			<link head="5" tail="12">
				<energy_consumption>84</energy_consumption>
				<travel_time>84</travel_time>
			</link>
			<link head="5" tail="13">
				<energy_consumption>19</energy_consumption>
				<travel_time>19</travel_time>
			</link>
			<link head="5" tail="14">
				<energy_consumption>48</energy_consumption>
				<travel_time>48</travel_time>
			</link>
			<link head="6" tail="7">
				<energy_consumption>62</energy_consumption>
				<travel_time>62</travel_time>
			</link>
			<link head="6" tail="8">
				<energy_consumption>32</energy_consumption>
				<travel_time>32</travel_time>
			</link>
			<link head="6" tail="9">
				<energy_consumption>81</energy_consumption>
				<travel_time>81</travel_time>
			</link>
			<link head="6" tail="10">
				<energy_consumption>51</energy_consumption>
				<travel_time>51</travel_time>
			</link>
			<link head="6" tail="11">
				<energy_consumption>21</energy_consumption>
				<travel_time>21</travel_time>
			</link>
			<link head="6" tail="12">
				<energy_consumption>57</energy_consumption>
				<travel_time>57</travel_time>
			</link>
			<link head="6" tail="13">
				<energy_consumption>79</energy_consumption>
				<travel_time>79</travel_time>
			</link>
			<link head="6" tail="14">
				<energy_consumption>51</energy_consumption>
				<travel_time>51</travel_time>
			</link>
			<link head="7" tail="8">
				<energy_consumption>36</energy_consumption>
				<travel_time>36</travel_time>
			</link>
			<link head="7" tail="9">
				<energy_consumption>34</energy_consumption>
				<travel_time>34</travel_time>
			</link>
			<link head="7" tail="10">
				<energy_consumption>15</energy_consumption>
				<travel_time>15</travel_time>
			</link>
			<link head="7" tail="11">
				<energy_consumption>51</energy_consumption>
				<travel_time>51</travel_time>
			</link>
			<link head="7" tail="12">
				<energy_consumption>50</energy_consumption>
				<travel_time>50</travel_time>
			</link>
			<link head="7" tail="13">
				<energy_consumption>23</energy_consumption>
				<travel_time>23</travel_time>
			</link>
			<link head="7" tail="14">
				<energy_consumption>15</energy_consumption>
				<travel_time>15</travel_time>
			</link>
			<link head="8" tail="9">
				<energy_consumption>49</energy_consumption>
				<travel_time>49</travel_time>
			</link>
			<link head="8" tail="10">
				<energy_consumption>22</energy_consumption>
				<travel_time>22</travel_time>
			</link>
			<link head="8" tail="11">
				<energy_consumption>16</energy_consumption>
				<travel_time>16</travel_time>
			</link>
			<link head="8" tail="12">
				<energy_consumption>31</energy_consumption>
				<travel_time>31</travel_time>
			</link>
			<link head="8" tail="13">
				<energy_consumption>57</energy_consumption>
				<travel_time>57</travel_time>
			</link>
			<link head="8" tail="14">
				<energy_consumption>22</energy_consumption>
				<travel_time>22</travel_time>
			</link>
			<link head="9" tail="10">
				<energy_consumption>34</energy_consumption>
				<travel_time>34</travel_time>
			</link>
			<link head="9" tail="11">
				<energy_consumption>64</energy_consumption>
				<travel_time>64</travel_time>
			</link>
			<link head="9" tail="12">
				<energy_consumption>40</energy_consumption>
				<travel_time>40</travel_time>
			</link>
			<link head="9" tail="13">
				<energy_consumption>48</energy_consumption>
				<travel_time>48</travel_time>
			</link>
			<link head="9" tail="14">
				<energy_consumption>34</energy_consumption>
				<travel_time>34</travel_time>
			</link>
			<link head="10" tail="11">
				<energy_consumption>38</energy_consumption>
				<travel_time>38</travel_time>
			</link>
			<link head="10" tail="12">
				<energy_consumption>37</energy_consumption>
				<travel_time>37</travel_time>
			</link>
			<link head="10" tail="13">
				<energy_consumption>38</energy_consumption>
				<travel_time>38</travel_time>
			</link>
			<link head="10" tail="14">
				<energy_consumption>0</energy_consumption>
				<travel_time>0</travel_time>
			</link>
			<link head="11" tail="12">
				<energy_consumption>37</energy_consumption>
				<travel_time>37</travel_time>
			</link>
			<link head="11" tail="13">
				<energy_consumption>72</energy_consumption>
				<travel_time>72</travel_time>
			</link>
			<link head="11" tail="14">
				<energy_consumption>38</energy_consumption>
				<travel_time>38</travel_time>
			</link>
			<link head="12" tail="13">
				<energy_consumption>72</energy_consumption>
				<travel_time>72</travel_time>
			</link>
			<link head="12" tail="14">
				<energy_consumption>37</energy_consumption>
				<travel_time>37</travel_time>
			</link>
			<link head="13" tail="14">
				<energy_consumption>38</energy_consumption>
				<travel_time>38</travel_time>
			</link>
		</links>
	</network>
	<fleet>
		<vehicle_profile type="0" number="2">
			<departure_node>14</departure_node>
			<arrival_node>14</arrival_node>
			<capacity>1000</capacity>
			<max_travel_time>960</max_travel_time>
			<custom>
				<battery_capacity>77</battery_capacity>
				<charging_techs>
					<function has_tech="0">
						<gamma>1</gamma>
						<rho>0</rho>
					</function>
					<function has_tech="1">
						<gamma>1</gamma>
						<rho>0.39</rho>
					</function>
				</charging_techs>
			</custom>
		</vehicle_profile>
	</fleet>
	<requests>
		<request id="0" node="0">
			<quantity>26</quantity>
			<service_time>10</service_time>
		</request>
		<request id="1" node="1">
			<quantity>20</quantity>
			<service_time>10</service_time>
		</request>
		<request id="2" node="2">
			<quantity>13</quantity>
			<service_time>10</service_time>
		</request>
		<request id="3" node="3">
			<quantity>3</quantity>
			<service_time>10</service_time>
		</request>
		<request id="4" node="4">
			<quantity>20</quantity>
			<service_time>10</service_time>
		</request>
		<request id="5" node="5">
			<quantity>20</quantity>
			<service_time>10</service_time>
		</request>
		<request id="6" node="6">
			<quantity>20</quantity>
			<service_time>10</service_time>
		</request>
		<request id="7" node="7">
			<quantity>9</quantity>
			<service_time>10</service_time>
		</request>
		<request id="8" node="8">
			<quantity>3</quantity>
			<service_time>10</service_time>
		</request>
		<request id="9" node="9">
			<quantity>20</quantity>
			<service_time>10</service_time>
		</request>
		<request id="10" node="10">
			<quantity>0</quantity>
			<service_time>0</service_time>
		</request>
		<request id="11" node="11">
			<quantity>0</quantity>
			<service_time>0</service_time>
		</request>
		<request id="12" node="12">
			<quantity>0</quantity>
			<service_time>0</service_time>
		</request>
		<request id="13" node="13">
			<quantity>0</quantity>
			<service_time>0</service_time>
		</request>
		<request id="14" node="14">
			<quantity>0</quantity>
			<service_time>0</service_time>
		</request>
	</requests>
</instance>

