<?xml version="1.0" encoding="UTF-8"?>
<solution instance="C3-N030">
	<route id="1">
	<cost id="8.136"/>
		<node id="35"/>
		<node id="34"/>
		<node id="18"/>
		<node id="19"/>
		<node id="29"/>
		<node id="3"/>
		<node id="35"/>
	</route> 
	<route id="2">
	<cost id="8.196"/>
		<node id="35"/>
		<node id="31"/>
		<node id="21"/>
		<node id="24"/>
		<node id="23"/>
		<node id="27"/>
		<node id="35"/>
	</route> 
	<route id="3">
	<cost id="5.47"/>
		<node id="35"/>
		<node id="7"/>
		<node id="10"/>
		<node id="4"/>
		<node id="16"/>
		<node id="14"/>
		<node id="12"/>
		<node id="35"/>
	</route> 
	<route id="4">
	<cost id="8.076"/>
		<node id="35"/>
		<node id="32"/>
		<node id="25"/>
		<node id="2"/>
		<node id="11"/>
		<node id="26"/>
		<node id="9"/>
		<node id="35"/>
	</route> 
	<route id="5">
	<cost id="5.17"/>
		<node id="35"/>
		<node id="1"/>
		<node id="15"/>
		<node id="8"/>
		<node id="13"/>
		<node id="17"/>
		<node id="6"/>
		<node id="35"/>
	</route> 
	<route id="6">
	<cost id="5.39"/>
		<node id="35"/>
		<node id="20"/>
		<node id="0"/>
		<node id="22"/>
		<node id="28"/>
		<node id="5"/>
		<node id="35"/>
	</route>
</solution>
