<?xml version="1.0" encoding="UTF-8"?>
<solution instance="13-N10">
	<route id="1">
	<cost id="4.51"/>
		<node id="19"/>
		<node id="0"/>
		<node id="8"/>
		<node id="19"/>
	</route> 
	<route id="2">
	<cost id="8.134"/>
		<node id="19"/>
		<node id="7"/>
		<node id="16"/>
		<node id="2"/>
		<node id="9"/>
		<node id="19"/>
	</route> 
	<route id="3">
	<cost id="3.49"/>
		<node id="19"/>
		<node id="1"/>
		<node id="5"/>
		<node id="19"/>
	</route> 
	<route id="4">
	<cost id="7.562"/>
		<node id="19"/>
		<node id="17"/>
		<node id="4"/>
		<node id="6"/>
		<node id="3"/>
		<node id="19"/>
	</route> 
</solution>
