<?xml version="1.0" encoding="UTF-8"?>
<solution instance="17-N10">
	<route id="1">
	<cost id="8.024"/>
		<node id="19"/>
		<node id="0"/>
		<node id="1"/>
		<node id="18"/>
		<node id="19"/>
	</route> 
	<route id="2">
	<cost id="7.782"/>
		<node id="19"/>
		<node id="11"/>
		<node id="6"/>
		<node id="3"/>
		<node id="8"/>
		<node id="19"/>
	</route> 
	<route id="3">
	<cost id="7.936"/>
		<node id="19"/>
		<node id="7"/>
		<node id="9"/>
		<node id="13"/>
		<node id="2"/>
		<node id="19"/>
	</route>
	<route id="4">
	<cost id="4.37"/>
		<node id="19"/>
		<node id="4"/>
		<node id="5"/>
		<node id="19"/>
	</route>   
</solution>
