<?xml version="1.0" encoding="UTF-8" standalone="yes"?>
<instance>
	<info>
		<dataset>GVRP-multitech</dataset>
		<name>datos_18_N10/datos-18-N10</name>
	</info>
	<network>
		<nodes>
			<node id="0" type="1">
				<cx>110</cx>
				<cy>25</cy>
			</node>
			<node id="1" type="1">
				<cx>113</cx>
				<cy>89</cy>
			</node>
			<node id="2" type="1">
				<cx>20</cx>
				<cy>28</cy>
			</node>
			<node id="3" type="1">
				<cx>40</cx>
				<cy>98</cy>
			</node>
			<node id="4" type="1">
				<cx>106</cx>
				<cy>27</cy>
			</node>
			<node id="5" type="1">
				<cx>102</cx>
				<cy>84</cy>
			</node>
			<node id="6" type="1">
				<cx>81</cx>
				<cy>29</cy>
			</node>
			<node id="7" type="1">
				<cx>101</cx>
				<cy>129</cy>
			</node>
			<node id="8" type="1">
				<cx>86</cx>
				<cy>24</cy>
			</node>
			<node id="9" type="1">
				<cx>64</cx>
				<cy>57</cy>
			</node>
			<node id="10" type="2">
				<cx>70</cx>
				<cy>70</cy>
				<custom>
					<has_tech>1</has_tech>
					<has_tech>2</has_tech>
				</custom>
			</node>
			<node id="11" type="2">
				<cx>40</cx>
				<cy>40</cy>
				<custom>
					<has_tech>1</has_tech>
				</custom>
			</node>
			<node id="12" type="2">
				<cx>70</cx>
				<cy>40</cy>
				<custom>
					<has_tech>1</has_tech>
					<has_tech>2</has_tech>
				</custom>
			</node>
			<node id="13" type="2">
				<cx>100</cx>
				<cy>40</cy>
				<custom>
					<has_tech>1</has_tech>
				</custom>
			</node>
			<node id="14" type="2">
				<cx>40</cx>
				<cy>70</cy>
				<custom>
					<has_tech>1</has_tech>
					<has_tech>2</has_tech>
				</custom>
			</node>
			<node id="15" type="2">
				<cx>100</cx>
				<cy>70</cy>
				<custom>
					<has_tech>1</has_tech>
					<has_tech>2</has_tech>
				</custom>
			</node>
			<node id="16" type="2">
				<cx>40</cx>
				<cy>100</cy>
				<custom>
					<has_tech>1</has_tech>
				</custom>
			</node>
			<node id="17" type="2">
				<cx>70</cx>
				<cy>100</cy>
				<custom>
					<has_tech>1</has_tech>
					<has_tech>2</has_tech>
				</custom>
			</node>
			<node id="18" type="2">
				<cx>100</cx>
				<cy>100</cy>
				<custom>
					<has_tech>1</has_tech>
				</custom>
			</node>
			<node id="19" type="0">
				<cx>70</cx>
				<cy>70</cy>
				<custom>
					<has_tech>0</has_tech>
				</custom>
			</node>
		</nodes>
		<links symmetric="true">
			<link head="0" tail="1">
				<energy_consumption>65</energy_consumption>
				<travel_time>156</travel_time>
			</link>
			<link head="0" tail="2">
				<energy_consumption>91</energy_consumption>
				<travel_time>218.4</travel_time>
			</link>
			<link head="0" tail="3">
				<energy_consumption>102</energy_consumption>
				<travel_time>244.8</travel_time>
			</link>
			<link head="0" tail="4">
				<energy_consumption>5</energy_consumption>
				<travel_time>12</travel_time>
			</link>
			<link head="0" tail="5">
				<energy_consumption>60</energy_consumption>
				<travel_time>144</travel_time>
			</link>
			<link head="0" tail="6">
				<energy_consumption>30</energy_consumption>
				<travel_time>72</travel_time>
			</link>
			<link head="0" tail="7">
				<energy_consumption>105</energy_consumption>
				<travel_time>252</travel_time>
			</link>
			<link head="0" tail="8">
				<energy_consumption>25</energy_consumption>
				<travel_time>60</travel_time>
			</link>
			<link head="0" tail="9">
				<energy_consumption>57</energy_consumption>
				<travel_time>136.8</travel_time>
			</link>
			<link head="0" tail="10">
				<energy_consumption>61</energy_consumption>
				<travel_time>146.4</travel_time>
			</link>
			<link head="0" tail="11">
				<energy_consumption>72</energy_consumption>
				<travel_time>172.8</travel_time>
			</link>
			<link head="0" tail="12">
				<energy_consumption>43</energy_consumption>
				<travel_time>103.2</travel_time>
			</link>
			<link head="0" tail="13">
				<energy_consumption>19</energy_consumption>
				<travel_time>45.6</travel_time>
			</link>
			<link head="0" tail="14">
				<energy_consumption>84</energy_consumption>
				<travel_time>201.6</travel_time>
			</link>
			<link head="0" tail="15">
				<energy_consumption>47</energy_consumption>
				<travel_time>112.8</travel_time>
			</link>
			<link head="0" tail="16">
				<energy_consumption>103</energy_consumption>
				<travel_time>247.2</travel_time>
			</link>
			<link head="0" tail="17">
				<energy_consumption>85</energy_consumption>
				<travel_time>204</travel_time>
			</link>
			<link head="0" tail="18">
				<energy_consumption>76</energy_consumption>
				<travel_time>182.4</travel_time>
			</link>
			<link head="0" tail="19">
				<energy_consumption>61</energy_consumption>
				<travel_time>146.4</travel_time>
			</link>
			<link head="1" tail="2">
				<energy_consumption>112</energy_consumption>
				<travel_time>268.8</travel_time>
			</link>
			<link head="1" tail="3">
				<energy_consumption>74</energy_consumption>
				<travel_time>177.6</travel_time>
			</link>
			<link head="1" tail="4">
				<energy_consumption>63</energy_consumption>
				<travel_time>151.2</travel_time>
			</link>
			<link head="1" tail="5">
				<energy_consumption>13</energy_consumption>
				<travel_time>31.2</travel_time>
			</link>
			<link head="1" tail="6">
				<energy_consumption>68</energy_consumption>
				<travel_time>163.2</travel_time>
			</link>
			<link head="1" tail="7">
				<energy_consumption>42</energy_consumption>
				<travel_time>100.8</travel_time>
			</link>
			<link head="1" tail="8">
				<energy_consumption>71</energy_consumption>
				<travel_time>170.4</travel_time>
			</link>
			<link head="1" tail="9">
				<energy_consumption>59</energy_consumption>
				<travel_time>141.6</travel_time>
			</link>
			<link head="1" tail="10">
				<energy_consumption>48</energy_consumption>
				<travel_time>115.2</travel_time>
			</link>
			<link head="1" tail="11">
				<energy_consumption>88</energy_consumption>
				<travel_time>211.2</travel_time>
			</link>
			<link head="1" tail="12">
				<energy_consumption>66</energy_consumption>
				<travel_time>158.4</travel_time>
			</link>
			<link head="1" tail="13">
				<energy_consumption>51</energy_consumption>
				<travel_time>122.4</travel_time>
			</link>
			<link head="1" tail="14">
				<energy_consumption>76</energy_consumption>
				<travel_time>182.4</travel_time>
			</link>
			<link head="1" tail="15">
				<energy_consumption>24</energy_consumption>
				<travel_time>57.6</travel_time>
			</link>
			<link head="1" tail="16">
				<energy_consumption>74</energy_consumption>
				<travel_time>177.6</travel_time>
			</link>
			<link head="1" tail="17">
				<energy_consumption>45</energy_consumption>
				<travel_time>108</travel_time>
			</link>
			<link head="1" tail="18">
				<energy_consumption>18</energy_consumption>
				<travel_time>43.2</travel_time>
			</link>
			<link head="1" tail="19">
				<energy_consumption>48</energy_consumption>
				<travel_time>115.2</travel_time>
			</link>
			<link head="2" tail="3">
				<energy_consumption>73</energy_consumption>
				<travel_time>175.2</travel_time>
			</link>
			<link head="2" tail="4">
				<energy_consumption>87</energy_consumption>
				<travel_time>208.8</travel_time>
			</link>
			<link head="2" tail="5">
				<energy_consumption>100</energy_consumption>
				<travel_time>240</travel_time>
			</link>
			<link head="2" tail="6">
				<energy_consumption>62</energy_consumption>
				<travel_time>148.8</travel_time>
			</link>
			<link head="2" tail="7">
				<energy_consumption>130</energy_consumption>
				<travel_time>312</travel_time>
			</link>
			<link head="2" tail="8">
				<energy_consumption>67</energy_consumption>
				<travel_time>160.8</travel_time>
			</link>
			<link head="2" tail="9">
				<energy_consumption>53</energy_consumption>
				<travel_time>127.2</travel_time>
			</link>
			<link head="2" tail="10">
				<energy_consumption>66</energy_consumption>
				<travel_time>158.4</travel_time>
			</link>
			<link head="2" tail="11">
				<energy_consumption>24</energy_consumption>
				<travel_time>57.6</travel_time>
			</link>
			<link head="2" tail="12">
				<energy_consumption>52</energy_consumption>
				<travel_time>124.8</travel_time>
			</link>
			<link head="2" tail="13">
				<energy_consumption>81</energy_consumption>
				<travel_time>194.4</travel_time>
			</link>
			<link head="2" tail="14">
				<energy_consumption>47</energy_consumption>
				<travel_time>112.8</travel_time>
			</link>
			<link head="2" tail="15">
				<energy_consumption>91</energy_consumption>
				<travel_time>218.4</travel_time>
			</link>
			<link head="2" tail="16">
				<energy_consumption>75</energy_consumption>
				<travel_time>180</travel_time>
			</link>
			<link head="2" tail="17">
				<energy_consumption>88</energy_consumption>
				<travel_time>211.2</travel_time>
			</link>
			<link head="2" tail="18">
				<energy_consumption>108</energy_consumption>
				<travel_time>259.2</travel_time>
			</link>
			<link head="2" tail="19">
				<energy_consumption>66</energy_consumption>
				<travel_time>158.4</travel_time>
			</link>
			<link head="3" tail="4">
				<energy_consumption>97</energy_consumption>
				<travel_time>232.8</travel_time>
			</link>
			<link head="3" tail="5">
				<energy_consumption>64</energy_consumption>
				<travel_time>153.6</travel_time>
			</link>
			<link head="3" tail="6">
				<energy_consumption>81</energy_consumption>
				<travel_time>194.4</travel_time>
			</link>
			<link head="3" tail="7">
				<energy_consumption>69</energy_consumption>
				<travel_time>165.6</travel_time>
			</link>
			<link head="3" tail="8">
				<energy_consumption>88</energy_consumption>
				<travel_time>211.2</travel_time>
			</link>
			<link head="3" tail="9">
				<energy_consumption>48</energy_consumption>
				<travel_time>115.2</travel_time>
			</link>
			<link head="3" tail="10">
				<energy_consumption>42</energy_consumption>
				<travel_time>100.8</travel_time>
			</link>
			<link head="3" tail="11">
				<energy_consumption>58</energy_consumption>
				<travel_time>139.2</travel_time>
			</link>
			<link head="3" tail="12">
				<energy_consumption>66</energy_consumption>
				<travel_time>158.4</travel_time>
			</link>
			<link head="3" tail="13">
				<energy_consumption>84</energy_consumption>
				<travel_time>201.6</travel_time>
			</link>
			<link head="3" tail="14">
				<energy_consumption>28</energy_consumption>
				<travel_time>67.2</travel_time>
			</link>
			<link head="3" tail="15">
				<energy_consumption>67</energy_consumption>
				<travel_time>160.8</travel_time>
			</link>
			<link head="3" tail="16">
				<energy_consumption>2</energy_consumption>
				<travel_time>4.8</travel_time>
			</link>
			<link head="3" tail="17">
				<energy_consumption>31</energy_consumption>
				<travel_time>74.4</travel_time>
			</link>
			<link head="3" tail="18">
				<energy_consumption>61</energy_consumption>
				<travel_time>146.4</travel_time>
			</link>
			<link head="3" tail="19">
				<energy_consumption>42</energy_consumption>
				<travel_time>100.8</travel_time>
			</link>
			<link head="4" tail="5">
				<energy_consumption>58</energy_consumption>
				<travel_time>139.2</travel_time>
			</link>
			<link head="4" tail="6">
				<energy_consumption>26</energy_consumption>
				<travel_time>62.4</travel_time>
			</link>
			<link head="4" tail="7">
				<energy_consumption>103</energy_consumption>
				<travel_time>247.2</travel_time>
			</link>
			<link head="4" tail="8">
				<energy_consumption>21</energy_consumption>
				<travel_time>50.4</travel_time>
			</link>
			<link head="4" tail="9">
				<energy_consumption>52</energy_consumption>
				<travel_time>124.8</travel_time>
			</link>
			<link head="4" tail="10">
				<energy_consumption>57</energy_consumption>
				<travel_time>136.8</travel_time>
			</link>
			<link head="4" tail="11">
				<energy_consumption>68</energy_consumption>
				<travel_time>163.2</travel_time>
			</link>
			<link head="4" tail="12">
				<energy_consumption>39</energy_consumption>
				<travel_time>93.6</travel_time>
			</link>
			<link head="4" tail="13">
				<energy_consumption>15</energy_consumption>
				<travel_time>36</travel_time>
			</link>
			<link head="4" tail="14">
				<energy_consumption>79</energy_consumption>
				<travel_time>189.6</travel_time>
			</link>
			<link head="4" tail="15">
				<energy_consumption>44</energy_consumption>
				<travel_time>105.6</travel_time>
			</link>
			<link head="4" tail="16">
				<energy_consumption>99</energy_consumption>
				<travel_time>237.6</travel_time>
			</link>
			<link head="4" tail="17">
				<energy_consumption>82</energy_consumption>
				<travel_time>196.8</travel_time>
			</link>
			<link head="4" tail="18">
				<energy_consumption>74</energy_consumption>
				<travel_time>177.6</travel_time>
			</link>
			<link head="4" tail="19">
				<energy_consumption>57</energy_consumption>
				<travel_time>136.8</travel_time>
			</link>
			<link head="5" tail="6">
				<energy_consumption>59</energy_consumption>
				<travel_time>141.6</travel_time>
			</link>
			<link head="5" tail="7">
				<energy_consumption>46</energy_consumption>
				<travel_time>110.4</travel_time>
			</link>
			<link head="5" tail="8">
				<energy_consumption>63</energy_consumption>
				<travel_time>151.2</travel_time>
			</link>
			<link head="5" tail="9">
				<energy_consumption>47</energy_consumption>
				<travel_time>112.8</travel_time>
			</link>
			<link head="5" tail="10">
				<energy_consumption>35</energy_consumption>
				<travel_time>84</travel_time>
			</link>
			<link head="5" tail="11">
				<energy_consumption>77</energy_consumption>
				<travel_time>184.8</travel_time>
			</link>
			<link head="5" tail="12">
				<energy_consumption>55</energy_consumption>
				<travel_time>132</travel_time>
			</link>
			<link head="5" tail="13">
				<energy_consumption>45</energy_consumption>
				<travel_time>108</travel_time>
			</link>
			<link head="5" tail="14">
				<energy_consumption>64</energy_consumption>
				<travel_time>153.6</travel_time>
			</link>
			<link head="5" tail="15">
				<energy_consumption>15</energy_consumption>
				<travel_time>36</travel_time>
			</link>
			<link head="5" tail="16">
				<energy_consumption>65</energy_consumption>
				<travel_time>156</travel_time>
			</link>
			<link head="5" tail="17">
				<energy_consumption>36</energy_consumption>
				<travel_time>86.4</travel_time>
			</link>
			<link head="5" tail="18">
				<energy_consumption>17</energy_consumption>
				<travel_time>40.8</travel_time>
			</link>
			<link head="5" tail="19">
				<energy_consumption>35</energy_consumption>
				<travel_time>84</travel_time>
			</link>
			<link head="6" tail="7">
				<energy_consumption>102</energy_consumption>
				<travel_time>244.8</travel_time>
			</link>
			<link head="6" tail="8">
				<energy_consumption>8</energy_consumption>
				<travel_time>19.2</travel_time>
			</link>
			<link head="6" tail="9">
				<energy_consumption>33</energy_consumption>
				<travel_time>79.2</travel_time>
			</link>
			<link head="6" tail="10">
				<energy_consumption>43</energy_consumption>
				<travel_time>103.2</travel_time>
			</link>
			<link head="6" tail="11">
				<energy_consumption>43</energy_consumption>
				<travel_time>103.2</travel_time>
			</link>
			<link head="6" tail="12">
				<energy_consumption>16</energy_consumption>
				<travel_time>38.4</travel_time>
			</link>
			<link head="6" tail="13">
				<energy_consumption>22</energy_consumption>
				<travel_time>52.8</travel_time>
			</link>
			<link head="6" tail="14">
				<energy_consumption>58</energy_consumption>
				<travel_time>139.2</travel_time>
			</link>
			<link head="6" tail="15">
				<energy_consumption>46</energy_consumption>
				<travel_time>110.4</travel_time>
			</link>
			<link head="6" tail="16">
				<energy_consumption>82</energy_consumption>
				<travel_time>196.8</travel_time>
			</link>
			<link head="6" tail="17">
				<energy_consumption>72</energy_consumption>
				<travel_time>172.8</travel_time>
			</link>
			<link head="6" tail="18">
				<energy_consumption>74</energy_consumption>
				<travel_time>177.6</travel_time>
			</link>
			<link head="6" tail="19">
				<energy_consumption>43</energy_consumption>
				<travel_time>103.2</travel_time>
			</link>
			<link head="7" tail="8">
				<energy_consumption>107</energy_consumption>
				<travel_time>256.8</travel_time>
			</link>
			<link head="7" tail="9">
				<energy_consumption>81</energy_consumption>
				<travel_time>194.4</travel_time>
			</link>
			<link head="7" tail="10">
				<energy_consumption>67</energy_consumption>
				<travel_time>160.8</travel_time>
			</link>
			<link head="7" tail="11">
				<energy_consumption>108</energy_consumption>
				<travel_time>259.2</travel_time>
			</link>
			<link head="7" tail="12">
				<energy_consumption>95</energy_consumption>
				<travel_time>228</travel_time>
			</link>
			<link head="7" tail="13">
				<energy_consumption>90</energy_consumption>
				<travel_time>216</travel_time>
			</link>
			<link head="7" tail="14">
				<energy_consumption>85</energy_consumption>
				<travel_time>204</travel_time>
			</link>
			<link head="7" tail="15">
				<energy_consumption>60</energy_consumption>
				<travel_time>144</travel_time>
			</link>
			<link head="7" tail="16">
				<energy_consumption>68</energy_consumption>
				<travel_time>163.2</travel_time>
			</link>
			<link head="7" tail="17">
				<energy_consumption>43</energy_consumption>
				<travel_time>103.2</travel_time>
			</link>
			<link head="7" tail="18">
				<energy_consumption>30</energy_consumption>
				<travel_time>72</travel_time>
			</link>
			<link head="7" tail="19">
				<energy_consumption>67</energy_consumption>
				<travel_time>160.8</travel_time>
			</link>
			<link head="8" tail="9">
				<energy_consumption>40</energy_consumption>
				<travel_time>96</travel_time>
			</link>
			<link head="8" tail="10">
				<energy_consumption>49</energy_consumption>
				<travel_time>117.6</travel_time>
			</link>
			<link head="8" tail="11">
				<energy_consumption>49</energy_consumption>
				<travel_time>117.6</travel_time>
			</link>
			<link head="8" tail="12">
				<energy_consumption>23</energy_consumption>
				<travel_time>55.2</travel_time>
			</link>
			<link head="8" tail="13">
				<energy_consumption>22</energy_consumption>
				<travel_time>52.8</travel_time>
			</link>
			<link head="8" tail="14">
				<energy_consumption>66</energy_consumption>
				<travel_time>158.4</travel_time>
			</link>
			<link head="8" tail="15">
				<energy_consumption>49</energy_consumption>
				<travel_time>117.6</travel_time>
			</link>
			<link head="8" tail="16">
				<energy_consumption>89</energy_consumption>
				<travel_time>213.6</travel_time>
			</link>
			<link head="8" tail="17">
				<energy_consumption>78</energy_consumption>
				<travel_time>187.2</travel_time>
			</link>
			<link head="8" tail="18">
				<energy_consumption>78</energy_consumption>
				<travel_time>187.2</travel_time>
			</link>
			<link head="8" tail="19">
				<energy_consumption>49</energy_consumption>
				<travel_time>117.6</travel_time>
			</link>
			<link head="9" tail="10">
				<energy_consumption>15</energy_consumption>
				<travel_time>36</travel_time>
			</link>
			<link head="9" tail="11">
				<energy_consumption>30</energy_consumption>
				<travel_time>72</travel_time>
			</link>
			<link head="9" tail="12">
				<energy_consumption>19</energy_consumption>
				<travel_time>45.6</travel_time>
			</link>
			<link head="9" tail="13">
				<energy_consumption>40</energy_consumption>
				<travel_time>96</travel_time>
			</link>
			<link head="9" tail="14">
				<energy_consumption>28</energy_consumption>
				<travel_time>67.2</travel_time>
			</link>
			<link head="9" tail="15">
				<energy_consumption>39</energy_consumption>
				<travel_time>93.6</travel_time>
			</link>
			<link head="9" tail="16">
				<energy_consumption>50</energy_consumption>
				<travel_time>120</travel_time>
			</link>
			<link head="9" tail="17">
				<energy_consumption>44</energy_consumption>
				<travel_time>105.6</travel_time>
			</link>
			<link head="9" tail="18">
				<energy_consumption>57</energy_consumption>
				<travel_time>136.8</travel_time>
			</link>
			<link head="9" tail="19">
				<energy_consumption>15</energy_consumption>
				<travel_time>36</travel_time>
			</link>
			<link head="10" tail="11">
				<energy_consumption>43</energy_consumption>
				<travel_time>103.2</travel_time>
			</link>
			<link head="10" tail="12">
				<energy_consumption>30</energy_consumption>
				<travel_time>72</travel_time>
			</link>
			<link head="10" tail="13">
				<energy_consumption>43</energy_consumption>
				<travel_time>103.2</travel_time>
			</link>
			<link head="10" tail="14">
				<energy_consumption>30</energy_consumption>
				<travel_time>72</travel_time>
			</link>
			<link head="10" tail="15">
				<energy_consumption>30</energy_consumption>
				<travel_time>72</travel_time>
			</link>
			<link head="10" tail="16">
				<energy_consumption>43</energy_consumption>
				<travel_time>103.2</travel_time>
			</link>
			<link head="10" tail="17">
				<energy_consumption>30</energy_consumption>
				<travel_time>72</travel_time>
			</link>
			<link head="10" tail="18">
				<energy_consumption>43</energy_consumption>
				<travel_time>103.2</travel_time>
			</link>
			<link head="10" tail="19">
				<energy_consumption>0</energy_consumption>
				<travel_time>0</travel_time>
			</link>
			<link head="11" tail="12">
				<energy_consumption>30</energy_consumption>
				<travel_time>72</travel_time>
			</link>
			<link head="11" tail="13">
				<energy_consumption>60</energy_consumption>
				<travel_time>144</travel_time>
			</link>
			<link head="11" tail="14">
				<energy_consumption>30</energy_consumption>
				<travel_time>72</travel_time>
			</link>
			<link head="11" tail="15">
				<energy_consumption>68</energy_consumption>
				<travel_time>163.2</travel_time>
			</link>
			<link head="11" tail="16">
				<energy_consumption>60</energy_consumption>
				<travel_time>144</travel_time>
			</link>
			<link head="11" tail="17">
				<energy_consumption>68</energy_consumption>
				<travel_time>163.2</travel_time>
			</link>
			<link head="11" tail="18">
				<energy_consumption>85</energy_consumption>
				<travel_time>204</travel_time>
			</link>
			<link head="11" tail="19">
				<energy_consumption>43</energy_consumption>
				<travel_time>103.2</travel_time>
			</link>
			<link head="12" tail="13">
				<energy_consumption>30</energy_consumption>
				<travel_time>72</travel_time>
			</link>
			<link head="12" tail="14">
				<energy_consumption>43</energy_consumption>
				<travel_time>103.2</travel_time>
			</link>
			<link head="12" tail="15">
				<energy_consumption>43</energy_consumption>
				<travel_time>103.2</travel_time>
			</link>
			<link head="12" tail="16">
				<energy_consumption>68</energy_consumption>
				<travel_time>163.2</travel_time>
			</link>
			<link head="12" tail="17">
				<energy_consumption>60</energy_consumption>
				<travel_time>144</travel_time>
			</link>
			<link head="12" tail="18">
				<energy_consumption>68</energy_consumption>
				<travel_time>163.2</travel_time>
			</link>
			<link head="12" tail="19">
				<energy_consumption>30</energy_consumption>
				<travel_time>72</travel_time>
			</link>
			<link head="13" tail="14">
				<energy_consumption>68</energy_consumption>
				<travel_time>163.2</travel_time>
			</link>
			<link head="13" tail="15">
				<energy_consumption>30</energy_consumption>
				<travel_time>72</travel_time>
			</link>
			<link head="13" tail="16">
				<energy_consumption>85</energy_consumption>
				<travel_time>204</travel_time>
			</link>
			<link head="13" tail="17">
				<energy_consumption>68</energy_consumption>
				<travel_time>163.2</travel_time>
			</link>
			<link head="13" tail="18">
				<energy_consumption>60</energy_consumption>
				<travel_time>144</travel_time>
			</link>
			<link head="13" tail="19">
				<energy_consumption>43</energy_consumption>
				<travel_time>103.2</travel_time>
			</link>
			<link head="14" tail="15">
				<energy_consumption>60</energy_consumption>
				<travel_time>144</travel_time>
			</link>
			<link head="14" tail="16">
				<energy_consumption>30</energy_consumption>
				<travel_time>72</travel_time>
			</link>
			<link head="14" tail="17">
				<energy_consumption>43</energy_consumption>
				<travel_time>103.2</travel_time>
			</link>
			<link head="14" tail="18">
				<energy_consumption>68</energy_consumption>
				<travel_time>163.2</travel_time>
			</link>
			<link head="14" tail="19">
				<energy_consumption>30</energy_consumption>
				<travel_time>72</travel_time>
			</link>
			<link head="15" tail="16">
				<energy_consumption>68</energy_consumption>
				<travel_time>163.2</travel_time>
			</link>
			<link head="15" tail="17">
				<energy_consumption>43</energy_consumption>
				<travel_time>103.2</travel_time>
			</link>
			<link head="15" tail="18">
				<energy_consumption>30</energy_consumption>
				<travel_time>72</travel_time>
			</link>
			<link head="15" tail="19">
				<energy_consumption>30</energy_consumption>
				<travel_time>72</travel_time>
			</link>
			<link head="16" tail="17">
				<energy_consumption>30</energy_consumption>
				<travel_time>72</travel_time>
			</link>
			<link head="16" tail="18">
				<energy_consumption>60</energy_consumption>
				<travel_time>144</travel_time>
			</link>
			<link head="16" tail="19">
				<energy_consumption>43</energy_consumption>
				<travel_time>103.2</travel_time>
			</link>
			<link head="17" tail="18">
				<energy_consumption>30</energy_consumption>
				<travel_time>72</travel_time>
			</link>
			<link head="17" tail="19">
				<energy_consumption>30</energy_consumption>
				<travel_time>72</travel_time>
			</link>
			<link head="18" tail="19">
				<energy_consumption>43</energy_consumption>
				<travel_time>103.2</travel_time>
			</link>
		</links>
	</network>
	<fleet>
		<vehicle_profile type="0" number="5">
			<departure_node>19</departure_node>
			<arrival_node>19</arrival_node>
			<capacity>230</capacity>
			<max_travel_time>480</max_travel_time>
			<custom>
				<battery_capacity>128</battery_capacity>
				<charging_techs>
					<function has_tech="0">
						<gamma>0.02</gamma>
						<rho>0</rho>
					</function>
					<function has_tech="1">
						<gamma>0.022</gamma>
						<rho>0.375</rho>
					</function>
					<function has_tech="2">
						<gamma>0.024</gamma>
						<rho>0.166667</rho>
					</function>
				</charging_techs>
			</custom>
		</vehicle_profile>
	</fleet>
	<requests>
		<request id="0" node="0">
			<quantity>91</quantity>
			<service_time>10</service_time>
		</request>
		<request id="1" node="1">
			<quantity>66</quantity>
			<service_time>12</service_time>
		</request>
		<request id="2" node="2">
			<quantity>53</quantity>
			<service_time>10</service_time>
		</request>
		<request id="3" node="3">
			<quantity>79</quantity>
			<service_time>11</service_time>
		</request>
		<request id="4" node="4">
			<quantity>68</quantity>
			<service_time>11</service_time>
		</request>
		<request id="5" node="5">
			<quantity>77</quantity>
			<service_time>12</service_time>
		</request>
		<request id="6" node="6">
			<quantity>58</quantity>
			<service_time>10</service_time>
		</request>
		<request id="7" node="7">
			<quantity>58</quantity>
			<service_time>12</service_time>
		</request>
		<request id="8" node="8">
			<quantity>73</quantity>
			<service_time>9</service_time>
		</request>
		<request id="9" node="9">
			<quantity>77</quantity>
			<service_time>12</service_time>
		</request>
		<request id="10" node="10">
			<quantity>0</quantity>
			<service_time>5</service_time>
		</request>
		<request id="11" node="11">
			<quantity>0</quantity>
			<service_time>5</service_time>
		</request>
		<request id="12" node="12">
			<quantity>0</quantity>
			<service_time>5</service_time>
		</request>
		<request id="13" node="13">
			<quantity>0</quantity>
			<service_time>5</service_time>
		</request>
		<request id="14" node="14">
			<quantity>0</quantity>
			<service_time>5</service_time>
		</request>
		<request id="15" node="15">
			<quantity>0</quantity>
			<service_time>5</service_time>
		</request>
		<request id="16" node="16">
			<quantity>0</quantity>
			<service_time>5</service_time>
		</request>
		<request id="17" node="17">
			<quantity>0</quantity>
			<service_time>5</service_time>
		</request>
		<request id="18" node="18">
			<quantity>0</quantity>
			<service_time>5</service_time>
		</request>
		<request id="19" node="19">
			<quantity>0</quantity>
			<service_time>0</service_time>
		</request>
	</requests>
</instance>

