<?xml version="1.0" encoding="UTF-8" standalone="yes"?>
<instance>
	<info>
		<dataset>GVRP-multitech</dataset>
		<name>datos30/data-C7-N030</name>
	</info>
	<network>
		<nodes>
			<node id="0" type="1">
				<cx>77</cx>
				<cy>127</cy>
			</node>
			<node id="1" type="1">
				<cx>115</cx>
				<cy>127</cy>
			</node>
			<node id="2" type="1">
				<cx>123</cx>
				<cy>36</cy>
			</node>
			<node id="3" type="1">
				<cx>11</cx>
				<cy>34</cy>
			</node>
			<node id="4" type="1">
				<cx>43</cx>
				<cy>86</cy>
			</node>
			<node id="5" type="1">
				<cx>61</cx>
				<cy>111</cy>
			</node>
			<node id="6" type="1">
				<cx>31</cx>
				<cy>26</cy>
			</node>
			<node id="7" type="1">
				<cx>52</cx>
				<cy>74</cy>
			</node>
			<node id="8" type="1">
				<cx>24</cx>
				<cy>61</cy>
			</node>
			<node id="9" type="1">
				<cx>83</cx>
				<cy>51</cy>
			</node>
			<node id="10" type="1">
				<cx>61</cx>
				<cy>103</cy>
			</node>
			<node id="11" type="1">
				<cx>30</cx>
				<cy>86</cy>
			</node>
			<node id="12" type="1">
				<cx>84</cx>
				<cy>99</cy>
			</node>
			<node id="13" type="1">
				<cx>44</cx>
				<cy>51</cy>
			</node>
			<node id="14" type="1">
				<cx>66</cx>
				<cy>35</cy>
			</node>
			<node id="15" type="1">
				<cx>49</cx>
				<cy>35</cy>
			</node>
			<node id="16" type="1">
				<cx>29</cx>
				<cy>65</cy>
			</node>
			<node id="17" type="1">
				<cx>52</cx>
				<cy>47</cy>
			</node>
			<node id="18" type="1">
				<cx>67</cx>
				<cy>59</cy>
			</node>
			<node id="19" type="1">
				<cx>112</cx>
				<cy>67</cy>
			</node>
			<node id="20" type="1">
				<cx>67</cx>
				<cy>130</cy>
			</node>
			<node id="21" type="1">
				<cx>24</cx>
				<cy>42</cy>
			</node>
			<node id="22" type="1">
				<cx>90</cx>
				<cy>120</cy>
			</node>
			<node id="23" type="1">
				<cx>60</cx>
				<cy>47</cy>
			</node>
			<node id="24" type="1">
				<cx>118</cx>
				<cy>129</cy>
			</node>
			<node id="25" type="1">
				<cx>57</cx>
				<cy>14</cy>
			</node>
			<node id="26" type="1">
				<cx>80</cx>
				<cy>61</cy>
			</node>
			<node id="27" type="1">
				<cx>55</cx>
				<cy>67</cy>
			</node>
			<node id="28" type="1">
				<cx>10</cx>
				<cy>31</cy>
			</node>
			<node id="29" type="1">
				<cx>98</cx>
				<cy>34</cy>
			</node>
			<node id="30" type="2">
				<cx>70</cx>
				<cy>70</cy>
				<custom>
					<has_tech>1</has_tech>
					<has_tech>2</has_tech>
				</custom>
			</node>
			<node id="31" type="2">
				<cx>70</cx>
				<cy>40</cy>
				<custom>
					<has_tech>2</has_tech>
				</custom>
			</node>
			<node id="32" type="2">
				<cx>40</cx>
				<cy>70</cy>
				<custom>
					<has_tech>2</has_tech>
				</custom>
			</node>
			<node id="33" type="2">
				<cx>100</cx>
				<cy>70</cy>
				<custom>
					<has_tech>2</has_tech>
				</custom>
			</node>
			<node id="34" type="2">
				<cx>70</cx>
				<cy>100</cy>
				<custom>
					<has_tech>1</has_tech>
					<has_tech>2</has_tech>
				</custom>
			</node>
			<node id="35" type="0">
				<cx>70</cx>
				<cy>70</cy>
				<custom>
					<has_tech>0</has_tech>
				</custom>
			</node>
		</nodes>
		<links symmetric="true">
			<link head="0" tail="1">
				<energy_consumption>38</energy_consumption>
				<travel_time>91.2</travel_time>
			</link>
			<link head="0" tail="2">
				<energy_consumption>102</energy_consumption>
				<travel_time>244.8</travel_time>
			</link>
			<link head="0" tail="3">
				<energy_consumption>115</energy_consumption>
				<travel_time>276</travel_time>
			</link>
			<link head="0" tail="4">
				<energy_consumption>54</energy_consumption>
				<travel_time>129.6</travel_time>
			</link>
			<link head="0" tail="5">
				<energy_consumption>23</energy_consumption>
				<travel_time>55.2</travel_time>
			</link>
			<link head="0" tail="6">
				<energy_consumption>111</energy_consumption>
				<travel_time>266.4</travel_time>
			</link>
			<link head="0" tail="7">
				<energy_consumption>59</energy_consumption>
				<travel_time>141.6</travel_time>
			</link>
			<link head="0" tail="8">
				<energy_consumption>85</energy_consumption>
				<travel_time>204</travel_time>
			</link>
			<link head="0" tail="9">
				<energy_consumption>77</energy_consumption>
				<travel_time>184.8</travel_time>
			</link>
			<link head="0" tail="10">
				<energy_consumption>29</energy_consumption>
				<travel_time>69.6</travel_time>
			</link>
			<link head="0" tail="11">
				<energy_consumption>63</energy_consumption>
				<travel_time>151.2</travel_time>
			</link>
			<link head="0" tail="12">
				<energy_consumption>29</energy_consumption>
				<travel_time>69.6</travel_time>
			</link>
			<link head="0" tail="13">
				<energy_consumption>83</energy_consumption>
				<travel_time>199.2</travel_time>
			</link>
			<link head="0" tail="14">
				<energy_consumption>93</energy_consumption>
				<travel_time>223.2</travel_time>
			</link>
			<link head="0" tail="15">
				<energy_consumption>97</energy_consumption>
				<travel_time>232.8</travel_time>
			</link>
			<link head="0" tail="16">
				<energy_consumption>79</energy_consumption>
				<travel_time>189.6</travel_time>
			</link>
			<link head="0" tail="17">
				<energy_consumption>84</energy_consumption>
				<travel_time>201.6</travel_time>
			</link>
			<link head="0" tail="18">
				<energy_consumption>69</energy_consumption>
				<travel_time>165.6</travel_time>
			</link>
			<link head="0" tail="19">
				<energy_consumption>70</energy_consumption>
				<travel_time>168</travel_time>
			</link>
			<link head="0" tail="20">
				<energy_consumption>11</energy_consumption>
				<travel_time>26.4</travel_time>
			</link>
			<link head="0" tail="21">
				<energy_consumption>101</energy_consumption>
				<travel_time>242.4</travel_time>
			</link>
			<link head="0" tail="22">
				<energy_consumption>15</energy_consumption>
				<travel_time>36</travel_time>
			</link>
			<link head="0" tail="23">
				<energy_consumption>82</energy_consumption>
				<travel_time>196.8</travel_time>
			</link>
			<link head="0" tail="24">
				<energy_consumption>42</energy_consumption>
				<travel_time>100.8</travel_time>
			</link>
			<link head="0" tail="25">
				<energy_consumption>115</energy_consumption>
				<travel_time>276</travel_time>
			</link>
			<link head="0" tail="26">
				<energy_consumption>67</energy_consumption>
				<travel_time>160.8</travel_time>
			</link>
			<link head="0" tail="27">
				<energy_consumption>64</energy_consumption>
				<travel_time>153.6</travel_time>
			</link>
			<link head="0" tail="28">
				<energy_consumption>118</energy_consumption>
				<travel_time>283.2</travel_time>
			</link>
			<link head="0" tail="29">
				<energy_consumption>96</energy_consumption>
				<travel_time>230.4</travel_time>
			</link>
			<link head="0" tail="30">
				<energy_consumption>58</energy_consumption>
				<travel_time>139.2</travel_time>
			</link>
			<link head="0" tail="31">
				<energy_consumption>88</energy_consumption>
				<travel_time>211.2</travel_time>
			</link>
			<link head="0" tail="32">
				<energy_consumption>68</energy_consumption>
				<travel_time>163.2</travel_time>
			</link>
			<link head="0" tail="33">
				<energy_consumption>62</energy_consumption>
				<travel_time>148.8</travel_time>
			</link>
			<link head="0" tail="34">
				<energy_consumption>28</energy_consumption>
				<travel_time>67.2</travel_time>
			</link>
			<link head="0" tail="35">
				<energy_consumption>58</energy_consumption>
				<travel_time>139.2</travel_time>
			</link>
			<link head="1" tail="2">
				<energy_consumption>92</energy_consumption>
				<travel_time>220.8</travel_time>
			</link>
			<link head="1" tail="3">
				<energy_consumption>140</energy_consumption>
				<travel_time>336</travel_time>
			</link>
			<link head="1" tail="4">
				<energy_consumption>83</energy_consumption>
				<travel_time>199.2</travel_time>
			</link>
			<link head="1" tail="5">
				<energy_consumption>57</energy_consumption>
				<travel_time>136.8</travel_time>
			</link>
			<link head="1" tail="6">
				<energy_consumption>132</energy_consumption>
				<travel_time>316.8</travel_time>
			</link>
			<link head="1" tail="7">
				<energy_consumption>83</energy_consumption>
				<travel_time>199.2</travel_time>
			</link>
			<link head="1" tail="8">
				<energy_consumption>113</energy_consumption>
				<travel_time>271.2</travel_time>
			</link>
			<link head="1" tail="9">
				<energy_consumption>83</energy_consumption>
				<travel_time>199.2</travel_time>
			</link>
			<link head="1" tail="10">
				<energy_consumption>60</energy_consumption>
				<travel_time>144</travel_time>
			</link>
			<link head="1" tail="11">
				<energy_consumption>95</energy_consumption>
				<travel_time>228</travel_time>
			</link>
			<link head="1" tail="12">
				<energy_consumption>42</energy_consumption>
				<travel_time>100.8</travel_time>
			</link>
			<link head="1" tail="13">
				<energy_consumption>105</energy_consumption>
				<travel_time>252</travel_time>
			</link>
			<link head="1" tail="14">
				<energy_consumption>105</energy_consumption>
				<travel_time>252</travel_time>
			</link>
			<link head="1" tail="15">
				<energy_consumption>114</energy_consumption>
				<travel_time>273.6</travel_time>
			</link>
			<link head="1" tail="16">
				<energy_consumption>107</energy_consumption>
				<travel_time>256.8</travel_time>
			</link>
			<link head="1" tail="17">
				<energy_consumption>102</energy_consumption>
				<travel_time>244.8</travel_time>
			</link>
			<link head="1" tail="18">
				<energy_consumption>84</energy_consumption>
				<travel_time>201.6</travel_time>
			</link>
			<link head="1" tail="19">
				<energy_consumption>61</energy_consumption>
				<travel_time>146.4</travel_time>
			</link>
			<link head="1" tail="20">
				<energy_consumption>49</energy_consumption>
				<travel_time>117.6</travel_time>
			</link>
			<link head="1" tail="21">
				<energy_consumption>125</energy_consumption>
				<travel_time>300</travel_time>
			</link>
			<link head="1" tail="22">
				<energy_consumption>26</energy_consumption>
				<travel_time>62.4</travel_time>
			</link>
			<link head="1" tail="23">
				<energy_consumption>98</energy_consumption>
				<travel_time>235.2</travel_time>
			</link>
			<link head="1" tail="24">
				<energy_consumption>4</energy_consumption>
				<travel_time>9.6</travel_time>
			</link>
			<link head="1" tail="25">
				<energy_consumption>128</energy_consumption>
				<travel_time>307.2</travel_time>
			</link>
			<link head="1" tail="26">
				<energy_consumption>75</energy_consumption>
				<travel_time>180</travel_time>
			</link>
			<link head="1" tail="27">
				<energy_consumption>85</energy_consumption>
				<travel_time>204</travel_time>
			</link>
			<link head="1" tail="28">
				<energy_consumption>143</energy_consumption>
				<travel_time>343.2</travel_time>
			</link>
			<link head="1" tail="29">
				<energy_consumption>95</energy_consumption>
				<travel_time>228</travel_time>
			</link>
			<link head="1" tail="30">
				<energy_consumption>73</energy_consumption>
				<travel_time>175.2</travel_time>
			</link>
			<link head="1" tail="31">
				<energy_consumption>98</energy_consumption>
				<travel_time>235.2</travel_time>
			</link>
			<link head="1" tail="32">
				<energy_consumption>95</energy_consumption>
				<travel_time>228</travel_time>
			</link>
			<link head="1" tail="33">
				<energy_consumption>59</energy_consumption>
				<travel_time>141.6</travel_time>
			</link>
			<link head="1" tail="34">
				<energy_consumption>53</energy_consumption>
				<travel_time>127.2</travel_time>
			</link>
			<link head="1" tail="35">
				<energy_consumption>73</energy_consumption>
				<travel_time>175.2</travel_time>
			</link>
			<link head="2" tail="3">
				<energy_consumption>113</energy_consumption>
				<travel_time>271.2</travel_time>
			</link>
			<link head="2" tail="4">
				<energy_consumption>95</energy_consumption>
				<travel_time>228</travel_time>
			</link>
			<link head="2" tail="5">
				<energy_consumption>98</energy_consumption>
				<travel_time>235.2</travel_time>
			</link>
			<link head="2" tail="6">
				<energy_consumption>93</energy_consumption>
				<travel_time>223.2</travel_time>
			</link>
			<link head="2" tail="7">
				<energy_consumption>81</energy_consumption>
				<travel_time>194.4</travel_time>
			</link>
			<link head="2" tail="8">
				<energy_consumption>103</energy_consumption>
				<travel_time>247.2</travel_time>
			</link>
			<link head="2" tail="9">
				<energy_consumption>43</energy_consumption>
				<travel_time>103.2</travel_time>
			</link>
			<link head="2" tail="10">
				<energy_consumption>92</energy_consumption>
				<travel_time>220.8</travel_time>
			</link>
			<link head="2" tail="11">
				<energy_consumption>106</energy_consumption>
				<travel_time>254.4</travel_time>
			</link>
			<link head="2" tail="12">
				<energy_consumption>75</energy_consumption>
				<travel_time>180</travel_time>
			</link>
			<link head="2" tail="13">
				<energy_consumption>81</energy_consumption>
				<travel_time>194.4</travel_time>
			</link>
			<link head="2" tail="14">
				<energy_consumption>58</energy_consumption>
				<travel_time>139.2</travel_time>
			</link>
			<link head="2" tail="15">
				<energy_consumption>75</energy_consumption>
				<travel_time>180</travel_time>
			</link>
			<link head="2" tail="16">
				<energy_consumption>99</energy_consumption>
				<travel_time>237.6</travel_time>
			</link>
			<link head="2" tail="17">
				<energy_consumption>72</energy_consumption>
				<travel_time>172.8</travel_time>
			</link>
			<link head="2" tail="18">
				<energy_consumption>61</energy_consumption>
				<travel_time>146.4</travel_time>
			</link>
			<link head="2" tail="19">
				<energy_consumption>33</energy_consumption>
				<travel_time>79.2</travel_time>
			</link>
			<link head="2" tail="20">
				<energy_consumption>110</energy_consumption>
				<travel_time>264</travel_time>
			</link>
			<link head="2" tail="21">
				<energy_consumption>100</energy_consumption>
				<travel_time>240</travel_time>
			</link>
			<link head="2" tail="22">
				<energy_consumption>91</energy_consumption>
				<travel_time>218.4</travel_time>
			</link>
			<link head="2" tail="23">
				<energy_consumption>64</energy_consumption>
				<travel_time>153.6</travel_time>
			</link>
			<link head="2" tail="24">
				<energy_consumption>94</energy_consumption>
				<travel_time>225.6</travel_time>
			</link>
			<link head="2" tail="25">
				<energy_consumption>70</energy_consumption>
				<travel_time>168</travel_time>
			</link>
			<link head="2" tail="26">
				<energy_consumption>50</energy_consumption>
				<travel_time>120</travel_time>
			</link>
			<link head="2" tail="27">
				<energy_consumption>75</energy_consumption>
				<travel_time>180</travel_time>
			</link>
			<link head="2" tail="28">
				<energy_consumption>114</energy_consumption>
				<travel_time>273.6</travel_time>
			</link>
			<link head="2" tail="29">
				<energy_consumption>26</energy_consumption>
				<travel_time>62.4</travel_time>
			</link>
			<link head="2" tail="30">
				<energy_consumption>63</energy_consumption>
				<travel_time>151.2</travel_time>
			</link>
			<link head="2" tail="31">
				<energy_consumption>54</energy_consumption>
				<travel_time>129.6</travel_time>
			</link>
			<link head="2" tail="32">
				<energy_consumption>90</energy_consumption>
				<travel_time>216</travel_time>
			</link>
			<link head="2" tail="33">
				<energy_consumption>42</energy_consumption>
				<travel_time>100.8</travel_time>
			</link>
			<link head="2" tail="34">
				<energy_consumption>84</energy_consumption>
				<travel_time>201.6</travel_time>
			</link>
			<link head="2" tail="35">
				<energy_consumption>63</energy_consumption>
				<travel_time>151.2</travel_time>
			</link>
			<link head="3" tail="4">
				<energy_consumption>62</energy_consumption>
				<travel_time>148.8</travel_time>
			</link>
			<link head="3" tail="5">
				<energy_consumption>92</energy_consumption>
				<travel_time>220.8</travel_time>
			</link>
			<link head="3" tail="6">
				<energy_consumption>22</energy_consumption>
				<travel_time>52.8</travel_time>
			</link>
			<link head="3" tail="7">
				<energy_consumption>58</energy_consumption>
				<travel_time>139.2</travel_time>
			</link>
			<link head="3" tail="8">
				<energy_consumption>30</energy_consumption>
				<travel_time>72</travel_time>
			</link>
			<link head="3" tail="9">
				<energy_consumption>74</energy_consumption>
				<travel_time>177.6</travel_time>
			</link>
			<link head="3" tail="10">
				<energy_consumption>86</energy_consumption>
				<travel_time>206.4</travel_time>
			</link>
			<link head="3" tail="11">
				<energy_consumption>56</energy_consumption>
				<travel_time>134.4</travel_time>
			</link>
			<link head="3" tail="12">
				<energy_consumption>98</energy_consumption>
				<travel_time>235.2</travel_time>
			</link>
			<link head="3" tail="13">
				<energy_consumption>38</energy_consumption>
				<travel_time>91.2</travel_time>
			</link>
			<link head="3" tail="14">
				<energy_consumption>56</energy_consumption>
				<travel_time>134.4</travel_time>
			</link>
			<link head="3" tail="15">
				<energy_consumption>39</energy_consumption>
				<travel_time>93.6</travel_time>
			</link>
			<link head="3" tail="16">
				<energy_consumption>36</energy_consumption>
				<travel_time>86.4</travel_time>
			</link>
			<link head="3" tail="17">
				<energy_consumption>44</energy_consumption>
				<travel_time>105.6</travel_time>
			</link>
			<link head="3" tail="18">
				<energy_consumption>62</energy_consumption>
				<travel_time>148.8</travel_time>
			</link>
			<link head="3" tail="19">
				<energy_consumption>107</energy_consumption>
				<travel_time>256.8</travel_time>
			</link>
			<link head="3" tail="20">
				<energy_consumption>112</energy_consumption>
				<travel_time>268.8</travel_time>
			</link>
			<link head="3" tail="21">
				<energy_consumption>16</energy_consumption>
				<travel_time>38.4</travel_time>
			</link>
			<link head="3" tail="22">
				<energy_consumption>117</energy_consumption>
				<travel_time>280.8</travel_time>
			</link>
			<link head="3" tail="23">
				<energy_consumption>51</energy_consumption>
				<travel_time>122.4</travel_time>
			</link>
			<link head="3" tail="24">
				<energy_consumption>144</energy_consumption>
				<travel_time>345.6</travel_time>
			</link>
			<link head="3" tail="25">
				<energy_consumption>51</energy_consumption>
				<travel_time>122.4</travel_time>
			</link>
			<link head="3" tail="26">
				<energy_consumption>75</energy_consumption>
				<travel_time>180</travel_time>
			</link>
			<link head="3" tail="27">
				<energy_consumption>55</energy_consumption>
				<travel_time>132</travel_time>
			</link>
			<link head="3" tail="28">
				<energy_consumption>4</energy_consumption>
				<travel_time>9.6</travel_time>
			</link>
			<link head="3" tail="29">
				<energy_consumption>87</energy_consumption>
				<travel_time>208.8</travel_time>
			</link>
			<link head="3" tail="30">
				<energy_consumption>70</energy_consumption>
				<travel_time>168</travel_time>
			</link>
			<link head="3" tail="31">
				<energy_consumption>60</energy_consumption>
				<travel_time>144</travel_time>
			</link>
			<link head="3" tail="32">
				<energy_consumption>47</energy_consumption>
				<travel_time>112.8</travel_time>
			</link>
			<link head="3" tail="33">
				<energy_consumption>97</energy_consumption>
				<travel_time>232.8</travel_time>
			</link>
			<link head="3" tail="34">
				<energy_consumption>89</energy_consumption>
				<travel_time>213.6</travel_time>
			</link>
			<link head="3" tail="35">
				<energy_consumption>70</energy_consumption>
				<travel_time>168</travel_time>
			</link>
			<link head="4" tail="5">
				<energy_consumption>31</energy_consumption>
				<travel_time>74.4</travel_time>
			</link>
			<link head="4" tail="6">
				<energy_consumption>62</energy_consumption>
				<travel_time>148.8</travel_time>
			</link>
			<link head="4" tail="7">
				<energy_consumption>15</energy_consumption>
				<travel_time>36</travel_time>
			</link>
			<link head="4" tail="8">
				<energy_consumption>32</energy_consumption>
				<travel_time>76.8</travel_time>
			</link>
			<link head="4" tail="9">
				<energy_consumption>54</energy_consumption>
				<travel_time>129.6</travel_time>
			</link>
			<link head="4" tail="10">
				<energy_consumption>25</energy_consumption>
				<travel_time>60</travel_time>
			</link>
			<link head="4" tail="11">
				<energy_consumption>13</energy_consumption>
				<travel_time>31.2</travel_time>
			</link>
			<link head="4" tail="12">
				<energy_consumption>44</energy_consumption>
				<travel_time>105.6</travel_time>
			</link>
			<link head="4" tail="13">
				<energy_consumption>36</energy_consumption>
				<travel_time>86.4</travel_time>
			</link>
			<link head="4" tail="14">
				<energy_consumption>56</energy_consumption>
				<travel_time>134.4</travel_time>
			</link>
			<link head="4" tail="15">
				<energy_consumption>52</energy_consumption>
				<travel_time>124.8</travel_time>
			</link>
			<link head="4" tail="16">
				<energy_consumption>26</energy_consumption>
				<travel_time>62.4</travel_time>
			</link>
			<link head="4" tail="17">
				<energy_consumption>41</energy_consumption>
				<travel_time>98.4</travel_time>
			</link>
			<link head="4" tail="18">
				<energy_consumption>37</energy_consumption>
				<travel_time>88.8</travel_time>
			</link>
			<link head="4" tail="19">
				<energy_consumption>72</energy_consumption>
				<travel_time>172.8</travel_time>
			</link>
			<link head="4" tail="20">
				<energy_consumption>51</energy_consumption>
				<travel_time>122.4</travel_time>
			</link>
			<link head="4" tail="21">
				<energy_consumption>48</energy_consumption>
				<travel_time>115.2</travel_time>
			</link>
			<link head="4" tail="22">
				<energy_consumption>59</energy_consumption>
				<travel_time>141.6</travel_time>
			</link>
			<link head="4" tail="23">
				<energy_consumption>43</energy_consumption>
				<travel_time>103.2</travel_time>
			</link>
			<link head="4" tail="24">
				<energy_consumption>87</energy_consumption>
				<travel_time>208.8</travel_time>
			</link>
			<link head="4" tail="25">
				<energy_consumption>74</energy_consumption>
				<travel_time>177.6</travel_time>
			</link>
			<link head="4" tail="26">
				<energy_consumption>45</energy_consumption>
				<travel_time>108</travel_time>
			</link>
			<link head="4" tail="27">
				<energy_consumption>23</energy_consumption>
				<travel_time>55.2</travel_time>
			</link>
			<link head="4" tail="28">
				<energy_consumption>65</energy_consumption>
				<travel_time>156</travel_time>
			</link>
			<link head="4" tail="29">
				<energy_consumption>76</energy_consumption>
				<travel_time>182.4</travel_time>
			</link>
			<link head="4" tail="30">
				<energy_consumption>32</energy_consumption>
				<travel_time>76.8</travel_time>
			</link>
			<link head="4" tail="31">
				<energy_consumption>54</energy_consumption>
				<travel_time>129.6</travel_time>
			</link>
			<link head="4" tail="32">
				<energy_consumption>17</energy_consumption>
				<travel_time>40.8</travel_time>
			</link>
			<link head="4" tail="33">
				<energy_consumption>60</energy_consumption>
				<travel_time>144</travel_time>
			</link>
			<link head="4" tail="34">
				<energy_consumption>31</energy_consumption>
				<travel_time>74.4</travel_time>
			</link>
			<link head="4" tail="35">
				<energy_consumption>32</energy_consumption>
				<travel_time>76.8</travel_time>
			</link>
			<link head="5" tail="6">
				<energy_consumption>91</energy_consumption>
				<travel_time>218.4</travel_time>
			</link>
			<link head="5" tail="7">
				<energy_consumption>39</energy_consumption>
				<travel_time>93.6</travel_time>
			</link>
			<link head="5" tail="8">
				<energy_consumption>63</energy_consumption>
				<travel_time>151.2</travel_time>
			</link>
			<link head="5" tail="9">
				<energy_consumption>64</energy_consumption>
				<travel_time>153.6</travel_time>
			</link>
			<link head="5" tail="10">
				<energy_consumption>8</energy_consumption>
				<travel_time>19.2</travel_time>
			</link>
			<link head="5" tail="11">
				<energy_consumption>40</energy_consumption>
				<travel_time>96</travel_time>
			</link>
			<link head="5" tail="12">
				<energy_consumption>26</energy_consumption>
				<travel_time>62.4</travel_time>
			</link>
			<link head="5" tail="13">
				<energy_consumption>63</energy_consumption>
				<travel_time>151.2</travel_time>
			</link>
			<link head="5" tail="14">
				<energy_consumption>77</energy_consumption>
				<travel_time>184.8</travel_time>
			</link>
			<link head="5" tail="15">
				<energy_consumption>77</energy_consumption>
				<travel_time>184.8</travel_time>
			</link>
			<link head="5" tail="16">
				<energy_consumption>57</energy_consumption>
				<travel_time>136.8</travel_time>
			</link>
			<link head="5" tail="17">
				<energy_consumption>65</energy_consumption>
				<travel_time>156</travel_time>
			</link>
			<link head="5" tail="18">
				<energy_consumption>53</energy_consumption>
				<travel_time>127.2</travel_time>
			</link>
			<link head="5" tail="19">
				<energy_consumption>68</energy_consumption>
				<travel_time>163.2</travel_time>
			</link>
			<link head="5" tail="20">
				<energy_consumption>20</energy_consumption>
				<travel_time>48</travel_time>
			</link>
			<link head="5" tail="21">
				<energy_consumption>79</energy_consumption>
				<travel_time>189.6</travel_time>
			</link>
			<link head="5" tail="22">
				<energy_consumption>31</energy_consumption>
				<travel_time>74.4</travel_time>
			</link>
			<link head="5" tail="23">
				<energy_consumption>65</energy_consumption>
				<travel_time>156</travel_time>
			</link>
			<link head="5" tail="24">
				<energy_consumption>60</energy_consumption>
				<travel_time>144</travel_time>
			</link>
			<link head="5" tail="25">
				<energy_consumption>98</energy_consumption>
				<travel_time>235.2</travel_time>
			</link>
			<link head="5" tail="26">
				<energy_consumption>54</energy_consumption>
				<travel_time>129.6</travel_time>
			</link>
			<link head="5" tail="27">
				<energy_consumption>45</energy_consumption>
				<travel_time>108</travel_time>
			</link>
			<link head="5" tail="28">
				<energy_consumption>95</energy_consumption>
				<travel_time>228</travel_time>
			</link>
			<link head="5" tail="29">
				<energy_consumption>86</energy_consumption>
				<travel_time>206.4</travel_time>
			</link>
			<link head="5" tail="30">
				<energy_consumption>42</energy_consumption>
				<travel_time>100.8</travel_time>
			</link>
			<link head="5" tail="31">
				<energy_consumption>72</energy_consumption>
				<travel_time>172.8</travel_time>
			</link>
			<link head="5" tail="32">
				<energy_consumption>47</energy_consumption>
				<travel_time>112.8</travel_time>
			</link>
			<link head="5" tail="33">
				<energy_consumption>57</energy_consumption>
				<travel_time>136.8</travel_time>
			</link>
			<link head="5" tail="34">
				<energy_consumption>15</energy_consumption>
				<travel_time>36</travel_time>
			</link>
			<link head="5" tail="35">
				<energy_consumption>42</energy_consumption>
				<travel_time>100.8</travel_time>
			</link>
			<link head="6" tail="7">
				<energy_consumption>53</energy_consumption>
				<travel_time>127.2</travel_time>
			</link>
			<link head="6" tail="8">
				<energy_consumption>36</energy_consumption>
				<travel_time>86.4</travel_time>
			</link>
			<link head="6" tail="9">
				<energy_consumption>58</energy_consumption>
				<travel_time>139.2</travel_time>
			</link>
			<link head="6" tail="10">
				<energy_consumption>83</energy_consumption>
				<travel_time>199.2</travel_time>
			</link>
			<link head="6" tail="11">
				<energy_consumption>61</energy_consumption>
				<travel_time>146.4</travel_time>
			</link>
			<link head="6" tail="12">
				<energy_consumption>91</energy_consumption>
				<travel_time>218.4</travel_time>
			</link>
			<link head="6" tail="13">
				<energy_consumption>29</energy_consumption>
				<travel_time>69.6</travel_time>
			</link>
			<link head="6" tail="14">
				<energy_consumption>37</energy_consumption>
				<travel_time>88.8</travel_time>
			</link>
			<link head="6" tail="15">
				<energy_consumption>21</energy_consumption>
				<travel_time>50.4</travel_time>
			</link>
			<link head="6" tail="16">
				<energy_consumption>40</energy_consumption>
				<travel_time>96</travel_time>
			</link>
			<link head="6" tail="17">
				<energy_consumption>30</energy_consumption>
				<travel_time>72</travel_time>
			</link>
			<link head="6" tail="18">
				<energy_consumption>49</energy_consumption>
				<travel_time>117.6</travel_time>
			</link>
			<link head="6" tail="19">
				<energy_consumption>91</energy_consumption>
				<travel_time>218.4</travel_time>
			</link>
			<link head="6" tail="20">
				<energy_consumption>111</energy_consumption>
				<travel_time>266.4</travel_time>
			</link>
			<link head="6" tail="21">
				<energy_consumption>18</energy_consumption>
				<travel_time>43.2</travel_time>
			</link>
			<link head="6" tail="22">
				<energy_consumption>111</energy_consumption>
				<travel_time>266.4</travel_time>
			</link>
			<link head="6" tail="23">
				<energy_consumption>36</energy_consumption>
				<travel_time>86.4</travel_time>
			</link>
			<link head="6" tail="24">
				<energy_consumption>135</energy_consumption>
				<travel_time>324</travel_time>
			</link>
			<link head="6" tail="25">
				<energy_consumption>29</energy_consumption>
				<travel_time>69.6</travel_time>
			</link>
			<link head="6" tail="26">
				<energy_consumption>61</energy_consumption>
				<travel_time>146.4</travel_time>
			</link>
			<link head="6" tail="27">
				<energy_consumption>48</energy_consumption>
				<travel_time>115.2</travel_time>
			</link>
			<link head="6" tail="28">
				<energy_consumption>22</energy_consumption>
				<travel_time>52.8</travel_time>
			</link>
			<link head="6" tail="29">
				<energy_consumption>68</energy_consumption>
				<travel_time>163.2</travel_time>
			</link>
			<link head="6" tail="30">
				<energy_consumption>59</energy_consumption>
				<travel_time>141.6</travel_time>
			</link>
			<link head="6" tail="31">
				<energy_consumption>42</energy_consumption>
				<travel_time>100.8</travel_time>
			</link>
			<link head="6" tail="32">
				<energy_consumption>45</energy_consumption>
				<travel_time>108</travel_time>
			</link>
			<link head="6" tail="33">
				<energy_consumption>82</energy_consumption>
				<travel_time>196.8</travel_time>
			</link>
			<link head="6" tail="34">
				<energy_consumption>84</energy_consumption>
				<travel_time>201.6</travel_time>
			</link>
			<link head="6" tail="35">
				<energy_consumption>59</energy_consumption>
				<travel_time>141.6</travel_time>
			</link>
			<link head="7" tail="8">
				<energy_consumption>31</energy_consumption>
				<travel_time>74.4</travel_time>
			</link>
			<link head="7" tail="9">
				<energy_consumption>39</energy_consumption>
				<travel_time>93.6</travel_time>
			</link>
			<link head="7" tail="10">
				<energy_consumption>31</energy_consumption>
				<travel_time>74.4</travel_time>
			</link>
			<link head="7" tail="11">
				<energy_consumption>26</energy_consumption>
				<travel_time>62.4</travel_time>
			</link>
			<link head="7" tail="12">
				<energy_consumption>41</energy_consumption>
				<travel_time>98.4</travel_time>
			</link>
			<link head="7" tail="13">
				<energy_consumption>25</energy_consumption>
				<travel_time>60</travel_time>
			</link>
			<link head="7" tail="14">
				<energy_consumption>42</energy_consumption>
				<travel_time>100.8</travel_time>
			</link>
			<link head="7" tail="15">
				<energy_consumption>40</energy_consumption>
				<travel_time>96</travel_time>
			</link>
			<link head="7" tail="16">
				<energy_consumption>25</energy_consumption>
				<travel_time>60</travel_time>
			</link>
			<link head="7" tail="17">
				<energy_consumption>27</energy_consumption>
				<travel_time>64.8</travel_time>
			</link>
			<link head="7" tail="18">
				<energy_consumption>22</energy_consumption>
				<travel_time>52.8</travel_time>
			</link>
			<link head="7" tail="19">
				<energy_consumption>61</energy_consumption>
				<travel_time>146.4</travel_time>
			</link>
			<link head="7" tail="20">
				<energy_consumption>58</energy_consumption>
				<travel_time>139.2</travel_time>
			</link>
			<link head="7" tail="21">
				<energy_consumption>43</energy_consumption>
				<travel_time>103.2</travel_time>
			</link>
			<link head="7" tail="22">
				<energy_consumption>60</energy_consumption>
				<travel_time>144</travel_time>
			</link>
			<link head="7" tail="23">
				<energy_consumption>29</energy_consumption>
				<travel_time>69.6</travel_time>
			</link>
			<link head="7" tail="24">
				<energy_consumption>86</energy_consumption>
				<travel_time>206.4</travel_time>
			</link>
			<link head="7" tail="25">
				<energy_consumption>61</energy_consumption>
				<travel_time>146.4</travel_time>
			</link>
			<link head="7" tail="26">
				<energy_consumption>31</energy_consumption>
				<travel_time>74.4</travel_time>
			</link>
			<link head="7" tail="27">
				<energy_consumption>8</energy_consumption>
				<travel_time>19.2</travel_time>
			</link>
			<link head="7" tail="28">
				<energy_consumption>61</energy_consumption>
				<travel_time>146.4</travel_time>
			</link>
			<link head="7" tail="29">
				<energy_consumption>61</energy_consumption>
				<travel_time>146.4</travel_time>
			</link>
			<link head="7" tail="30">
				<energy_consumption>19</energy_consumption>
				<travel_time>45.6</travel_time>
			</link>
			<link head="7" tail="31">
				<energy_consumption>39</energy_consumption>
				<travel_time>93.6</travel_time>
			</link>
			<link head="7" tail="32">
				<energy_consumption>13</energy_consumption>
				<travel_time>31.2</travel_time>
			</link>
			<link head="7" tail="33">
				<energy_consumption>49</energy_consumption>
				<travel_time>117.6</travel_time>
			</link>
			<link head="7" tail="34">
				<energy_consumption>32</energy_consumption>
				<travel_time>76.8</travel_time>
			</link>
			<link head="7" tail="35">
				<energy_consumption>19</energy_consumption>
				<travel_time>45.6</travel_time>
			</link>
			<link head="8" tail="9">
				<energy_consumption>60</energy_consumption>
				<travel_time>144</travel_time>
			</link>
			<link head="8" tail="10">
				<energy_consumption>56</energy_consumption>
				<travel_time>134.4</travel_time>
			</link>
			<link head="8" tail="11">
				<energy_consumption>26</energy_consumption>
				<travel_time>62.4</travel_time>
			</link>
			<link head="8" tail="12">
				<energy_consumption>72</energy_consumption>
				<travel_time>172.8</travel_time>
			</link>
			<link head="8" tail="13">
				<energy_consumption>23</energy_consumption>
				<travel_time>55.2</travel_time>
			</link>
			<link head="8" tail="14">
				<energy_consumption>50</energy_consumption>
				<travel_time>120</travel_time>
			</link>
			<link head="8" tail="15">
				<energy_consumption>37</energy_consumption>
				<travel_time>88.8</travel_time>
			</link>
			<link head="8" tail="16">
				<energy_consumption>7</energy_consumption>
				<travel_time>16.8</travel_time>
			</link>
			<link head="8" tail="17">
				<energy_consumption>32</energy_consumption>
				<travel_time>76.8</travel_time>
			</link>
			<link head="8" tail="18">
				<energy_consumption>44</energy_consumption>
				<travel_time>105.6</travel_time>
			</link>
			<link head="8" tail="19">
				<energy_consumption>89</energy_consumption>
				<travel_time>213.6</travel_time>
			</link>
			<link head="8" tail="20">
				<energy_consumption>82</energy_consumption>
				<travel_time>196.8</travel_time>
			</link>
			<link head="8" tail="21">
				<energy_consumption>19</energy_consumption>
				<travel_time>45.6</travel_time>
			</link>
			<link head="8" tail="22">
				<energy_consumption>89</energy_consumption>
				<travel_time>213.6</travel_time>
			</link>
			<link head="8" tail="23">
				<energy_consumption>39</energy_consumption>
				<travel_time>93.6</travel_time>
			</link>
			<link head="8" tail="24">
				<energy_consumption>117</energy_consumption>
				<travel_time>280.8</travel_time>
			</link>
			<link head="8" tail="25">
				<energy_consumption>58</energy_consumption>
				<travel_time>139.2</travel_time>
			</link>
			<link head="8" tail="26">
				<energy_consumption>56</energy_consumption>
				<travel_time>134.4</travel_time>
			</link>
			<link head="8" tail="27">
				<energy_consumption>32</energy_consumption>
				<travel_time>76.8</travel_time>
			</link>
			<link head="8" tail="28">
				<energy_consumption>34</energy_consumption>
				<travel_time>81.6</travel_time>
			</link>
			<link head="8" tail="29">
				<energy_consumption>79</energy_consumption>
				<travel_time>189.6</travel_time>
			</link>
			<link head="8" tail="30">
				<energy_consumption>47</energy_consumption>
				<travel_time>112.8</travel_time>
			</link>
			<link head="8" tail="31">
				<energy_consumption>51</energy_consumption>
				<travel_time>122.4</travel_time>
			</link>
			<link head="8" tail="32">
				<energy_consumption>19</energy_consumption>
				<travel_time>45.6</travel_time>
			</link>
			<link head="8" tail="33">
				<energy_consumption>77</energy_consumption>
				<travel_time>184.8</travel_time>
			</link>
			<link head="8" tail="34">
				<energy_consumption>61</energy_consumption>
				<travel_time>146.4</travel_time>
			</link>
			<link head="8" tail="35">
				<energy_consumption>47</energy_consumption>
				<travel_time>112.8</travel_time>
			</link>
			<link head="9" tail="10">
				<energy_consumption>57</energy_consumption>
				<travel_time>136.8</travel_time>
			</link>
			<link head="9" tail="11">
				<energy_consumption>64</energy_consumption>
				<travel_time>153.6</travel_time>
			</link>
			<link head="9" tail="12">
				<energy_consumption>49</energy_consumption>
				<travel_time>117.6</travel_time>
			</link>
			<link head="9" tail="13">
				<energy_consumption>39</energy_consumption>
				<travel_time>93.6</travel_time>
			</link>
			<link head="9" tail="14">
				<energy_consumption>24</energy_consumption>
				<travel_time>57.6</travel_time>
			</link>
			<link head="9" tail="15">
				<energy_consumption>38</energy_consumption>
				<travel_time>91.2</travel_time>
			</link>
			<link head="9" tail="16">
				<energy_consumption>56</energy_consumption>
				<travel_time>134.4</travel_time>
			</link>
			<link head="9" tail="17">
				<energy_consumption>32</energy_consumption>
				<travel_time>76.8</travel_time>
			</link>
			<link head="9" tail="18">
				<energy_consumption>18</energy_consumption>
				<travel_time>43.2</travel_time>
			</link>
			<link head="9" tail="19">
				<energy_consumption>34</energy_consumption>
				<travel_time>81.6</travel_time>
			</link>
			<link head="9" tail="20">
				<energy_consumption>81</energy_consumption>
				<travel_time>194.4</travel_time>
			</link>
			<link head="9" tail="21">
				<energy_consumption>60</energy_consumption>
				<travel_time>144</travel_time>
			</link>
			<link head="9" tail="22">
				<energy_consumption>70</energy_consumption>
				<travel_time>168</travel_time>
			</link>
			<link head="9" tail="23">
				<energy_consumption>24</energy_consumption>
				<travel_time>57.6</travel_time>
			</link>
			<link head="9" tail="24">
				<energy_consumption>86</energy_consumption>
				<travel_time>206.4</travel_time>
			</link>
			<link head="9" tail="25">
				<energy_consumption>46</energy_consumption>
				<travel_time>110.4</travel_time>
			</link>
			<link head="9" tail="26">
				<energy_consumption>11</energy_consumption>
				<travel_time>26.4</travel_time>
			</link>
			<link head="9" tail="27">
				<energy_consumption>33</energy_consumption>
				<travel_time>79.2</travel_time>
			</link>
			<link head="9" tail="28">
				<energy_consumption>76</energy_consumption>
				<travel_time>182.4</travel_time>
			</link>
			<link head="9" tail="29">
				<energy_consumption>23</energy_consumption>
				<travel_time>55.2</travel_time>
			</link>
			<link head="9" tail="30">
				<energy_consumption>24</energy_consumption>
				<travel_time>57.6</travel_time>
			</link>
			<link head="9" tail="31">
				<energy_consumption>18</energy_consumption>
				<travel_time>43.2</travel_time>
			</link>
			<link head="9" tail="32">
				<energy_consumption>48</energy_consumption>
				<travel_time>115.2</travel_time>
			</link>
			<link head="9" tail="33">
				<energy_consumption>26</energy_consumption>
				<travel_time>62.4</travel_time>
			</link>
			<link head="9" tail="34">
				<energy_consumption>51</energy_consumption>
				<travel_time>122.4</travel_time>
			</link>
			<link head="9" tail="35">
				<energy_consumption>24</energy_consumption>
				<travel_time>57.6</travel_time>
			</link>
			<link head="10" tail="11">
				<energy_consumption>36</energy_consumption>
				<travel_time>86.4</travel_time>
			</link>
			<link head="10" tail="12">
				<energy_consumption>24</energy_consumption>
				<travel_time>57.6</travel_time>
			</link>
			<link head="10" tail="13">
				<energy_consumption>55</energy_consumption>
				<travel_time>132</travel_time>
			</link>
			<link head="10" tail="14">
				<energy_consumption>69</energy_consumption>
				<travel_time>165.6</travel_time>
			</link>
			<link head="10" tail="15">
				<energy_consumption>70</energy_consumption>
				<travel_time>168</travel_time>
			</link>
			<link head="10" tail="16">
				<energy_consumption>50</energy_consumption>
				<travel_time>120</travel_time>
			</link>
			<link head="10" tail="17">
				<energy_consumption>57</energy_consumption>
				<travel_time>136.8</travel_time>
			</link>
			<link head="10" tail="18">
				<energy_consumption>45</energy_consumption>
				<travel_time>108</travel_time>
			</link>
			<link head="10" tail="19">
				<energy_consumption>63</energy_consumption>
				<travel_time>151.2</travel_time>
			</link>
			<link head="10" tail="20">
				<energy_consumption>28</energy_consumption>
				<travel_time>67.2</travel_time>
			</link>
			<link head="10" tail="21">
				<energy_consumption>72</energy_consumption>
				<travel_time>172.8</travel_time>
			</link>
			<link head="10" tail="22">
				<energy_consumption>34</energy_consumption>
				<travel_time>81.6</travel_time>
			</link>
			<link head="10" tail="23">
				<energy_consumption>57</energy_consumption>
				<travel_time>136.8</travel_time>
			</link>
			<link head="10" tail="24">
				<energy_consumption>63</energy_consumption>
				<travel_time>151.2</travel_time>
			</link>
			<link head="10" tail="25">
				<energy_consumption>90</energy_consumption>
				<travel_time>216</travel_time>
			</link>
			<link head="10" tail="26">
				<energy_consumption>47</energy_consumption>
				<travel_time>112.8</travel_time>
			</link>
			<link head="10" tail="27">
				<energy_consumption>37</energy_consumption>
				<travel_time>88.8</travel_time>
			</link>
			<link head="10" tail="28">
				<energy_consumption>89</energy_consumption>
				<travel_time>213.6</travel_time>
			</link>
			<link head="10" tail="29">
				<energy_consumption>79</energy_consumption>
				<travel_time>189.6</travel_time>
			</link>
			<link head="10" tail="30">
				<energy_consumption>35</energy_consumption>
				<travel_time>84</travel_time>
			</link>
			<link head="10" tail="31">
				<energy_consumption>64</energy_consumption>
				<travel_time>153.6</travel_time>
			</link>
			<link head="10" tail="32">
				<energy_consumption>40</energy_consumption>
				<travel_time>96</travel_time>
			</link>
			<link head="10" tail="33">
				<energy_consumption>52</energy_consumption>
				<travel_time>124.8</travel_time>
			</link>
			<link head="10" tail="34">
				<energy_consumption>10</energy_consumption>
				<travel_time>24</travel_time>
			</link>
			<link head="10" tail="35">
				<energy_consumption>35</energy_consumption>
				<travel_time>84</travel_time>
			</link>
			<link head="11" tail="12">
				<energy_consumption>56</energy_consumption>
				<travel_time>134.4</travel_time>
			</link>
			<link head="11" tail="13">
				<energy_consumption>38</energy_consumption>
				<travel_time>91.2</travel_time>
			</link>
			<link head="11" tail="14">
				<energy_consumption>63</energy_consumption>
				<travel_time>151.2</travel_time>
			</link>
			<link head="11" tail="15">
				<energy_consumption>55</energy_consumption>
				<travel_time>132</travel_time>
			</link>
			<link head="11" tail="16">
				<energy_consumption>22</energy_consumption>
				<travel_time>52.8</travel_time>
			</link>
			<link head="11" tail="17">
				<energy_consumption>45</energy_consumption>
				<travel_time>108</travel_time>
			</link>
			<link head="11" tail="18">
				<energy_consumption>46</energy_consumption>
				<travel_time>110.4</travel_time>
			</link>
			<link head="11" tail="19">
				<energy_consumption>85</energy_consumption>
				<travel_time>204</travel_time>
			</link>
			<link head="11" tail="20">
				<energy_consumption>58</energy_consumption>
				<travel_time>139.2</travel_time>
			</link>
			<link head="11" tail="21">
				<energy_consumption>45</energy_consumption>
				<travel_time>108</travel_time>
			</link>
			<link head="11" tail="22">
				<energy_consumption>69</energy_consumption>
				<travel_time>165.6</travel_time>
			</link>
			<link head="11" tail="23">
				<energy_consumption>50</energy_consumption>
				<travel_time>120</travel_time>
			</link>
			<link head="11" tail="24">
				<energy_consumption>98</energy_consumption>
				<travel_time>235.2</travel_time>
			</link>
			<link head="11" tail="25">
				<energy_consumption>77</energy_consumption>
				<travel_time>184.8</travel_time>
			</link>
			<link head="11" tail="26">
				<energy_consumption>56</energy_consumption>
				<travel_time>134.4</travel_time>
			</link>
			<link head="11" tail="27">
				<energy_consumption>32</energy_consumption>
				<travel_time>76.8</travel_time>
			</link>
			<link head="11" tail="28">
				<energy_consumption>59</energy_consumption>
				<travel_time>141.6</travel_time>
			</link>
			<link head="11" tail="29">
				<energy_consumption>86</energy_consumption>
				<travel_time>206.4</travel_time>
			</link>
			<link head="11" tail="30">
				<energy_consumption>44</energy_consumption>
				<travel_time>105.6</travel_time>
			</link>
			<link head="11" tail="31">
				<energy_consumption>61</energy_consumption>
				<travel_time>146.4</travel_time>
			</link>
			<link head="11" tail="32">
				<energy_consumption>19</energy_consumption>
				<travel_time>45.6</travel_time>
			</link>
			<link head="11" tail="33">
				<energy_consumption>72</energy_consumption>
				<travel_time>172.8</travel_time>
			</link>
			<link head="11" tail="34">
				<energy_consumption>43</energy_consumption>
				<travel_time>103.2</travel_time>
			</link>
			<link head="11" tail="35">
				<energy_consumption>44</energy_consumption>
				<travel_time>105.6</travel_time>
			</link>
			<link head="12" tail="13">
				<energy_consumption>63</energy_consumption>
				<travel_time>151.2</travel_time>
			</link>
			<link head="12" tail="14">
				<energy_consumption>67</energy_consumption>
				<travel_time>160.8</travel_time>
			</link>
			<link head="12" tail="15">
				<energy_consumption>73</energy_consumption>
				<travel_time>175.2</travel_time>
			</link>
			<link head="12" tail="16">
				<energy_consumption>65</energy_consumption>
				<travel_time>156</travel_time>
			</link>
			<link head="12" tail="17">
				<energy_consumption>62</energy_consumption>
				<travel_time>148.8</travel_time>
			</link>
			<link head="12" tail="18">
				<energy_consumption>44</energy_consumption>
				<travel_time>105.6</travel_time>
			</link>
			<link head="12" tail="19">
				<energy_consumption>43</energy_consumption>
				<travel_time>103.2</travel_time>
			</link>
			<link head="12" tail="20">
				<energy_consumption>36</energy_consumption>
				<travel_time>86.4</travel_time>
			</link>
			<link head="12" tail="21">
				<energy_consumption>83</energy_consumption>
				<travel_time>199.2</travel_time>
			</link>
			<link head="12" tail="22">
				<energy_consumption>22</energy_consumption>
				<travel_time>52.8</travel_time>
			</link>
			<link head="12" tail="23">
				<energy_consumption>58</energy_consumption>
				<travel_time>139.2</travel_time>
			</link>
			<link head="12" tail="24">
				<energy_consumption>46</energy_consumption>
				<travel_time>110.4</travel_time>
			</link>
			<link head="12" tail="25">
				<energy_consumption>90</energy_consumption>
				<travel_time>216</travel_time>
			</link>
			<link head="12" tail="26">
				<energy_consumption>39</energy_consumption>
				<travel_time>93.6</travel_time>
			</link>
			<link head="12" tail="27">
				<energy_consumption>44</energy_consumption>
				<travel_time>105.6</travel_time>
			</link>
			<link head="12" tail="28">
				<energy_consumption>101</energy_consumption>
				<travel_time>242.4</travel_time>
			</link>
			<link head="12" tail="29">
				<energy_consumption>67</energy_consumption>
				<travel_time>160.8</travel_time>
			</link>
			<link head="12" tail="30">
				<energy_consumption>33</energy_consumption>
				<travel_time>79.2</travel_time>
			</link>
			<link head="12" tail="31">
				<energy_consumption>61</energy_consumption>
				<travel_time>146.4</travel_time>
			</link>
			<link head="12" tail="32">
				<energy_consumption>53</energy_consumption>
				<travel_time>127.2</travel_time>
			</link>
			<link head="12" tail="33">
				<energy_consumption>34</energy_consumption>
				<travel_time>81.6</travel_time>
			</link>
			<link head="12" tail="34">
				<energy_consumption>15</energy_consumption>
				<travel_time>36</travel_time>
			</link>
			<link head="12" tail="35">
				<energy_consumption>33</energy_consumption>
				<travel_time>79.2</travel_time>
			</link>
			<link head="13" tail="14">
				<energy_consumption>28</energy_consumption>
				<travel_time>67.2</travel_time>
			</link>
			<link head="13" tail="15">
				<energy_consumption>17</energy_consumption>
				<travel_time>40.8</travel_time>
			</link>
			<link head="13" tail="16">
				<energy_consumption>21</energy_consumption>
				<travel_time>50.4</travel_time>
			</link>
			<link head="13" tail="17">
				<energy_consumption>9</energy_consumption>
				<travel_time>21.6</travel_time>
			</link>
			<link head="13" tail="18">
				<energy_consumption>25</energy_consumption>
				<travel_time>60</travel_time>
			</link>
			<link head="13" tail="19">
				<energy_consumption>70</energy_consumption>
				<travel_time>168</travel_time>
			</link>
			<link head="13" tail="20">
				<energy_consumption>83</energy_consumption>
				<travel_time>199.2</travel_time>
			</link>
			<link head="13" tail="21">
				<energy_consumption>22</energy_consumption>
				<travel_time>52.8</travel_time>
			</link>
			<link head="13" tail="22">
				<energy_consumption>83</energy_consumption>
				<travel_time>199.2</travel_time>
			</link>
			<link head="13" tail="23">
				<energy_consumption>17</energy_consumption>
				<travel_time>40.8</travel_time>
			</link>
			<link head="13" tail="24">
				<energy_consumption>108</energy_consumption>
				<travel_time>259.2</travel_time>
			</link>
			<link head="13" tail="25">
				<energy_consumption>40</energy_consumption>
				<travel_time>96</travel_time>
			</link>
			<link head="13" tail="26">
				<energy_consumption>38</energy_consumption>
				<travel_time>91.2</travel_time>
			</link>
			<link head="13" tail="27">
				<energy_consumption>20</energy_consumption>
				<travel_time>48</travel_time>
			</link>
			<link head="13" tail="28">
				<energy_consumption>40</energy_consumption>
				<travel_time>96</travel_time>
			</link>
			<link head="13" tail="29">
				<energy_consumption>57</energy_consumption>
				<travel_time>136.8</travel_time>
			</link>
			<link head="13" tail="30">
				<energy_consumption>33</energy_consumption>
				<travel_time>79.2</travel_time>
			</link>
			<link head="13" tail="31">
				<energy_consumption>29</energy_consumption>
				<travel_time>69.6</travel_time>
			</link>
			<link head="13" tail="32">
				<energy_consumption>20</energy_consumption>
				<travel_time>48</travel_time>
			</link>
			<link head="13" tail="33">
				<energy_consumption>60</energy_consumption>
				<travel_time>144</travel_time>
			</link>
			<link head="13" tail="34">
				<energy_consumption>56</energy_consumption>
				<travel_time>134.4</travel_time>
			</link>
			<link head="13" tail="35">
				<energy_consumption>33</energy_consumption>
				<travel_time>79.2</travel_time>
			</link>
			<link head="14" tail="15">
				<energy_consumption>17</energy_consumption>
				<travel_time>40.8</travel_time>
			</link>
			<link head="14" tail="16">
				<energy_consumption>48</energy_consumption>
				<travel_time>115.2</travel_time>
			</link>
			<link head="14" tail="17">
				<energy_consumption>19</energy_consumption>
				<travel_time>45.6</travel_time>
			</link>
			<link head="14" tail="18">
				<energy_consumption>25</energy_consumption>
				<travel_time>60</travel_time>
			</link>
			<link head="14" tail="19">
				<energy_consumption>57</energy_consumption>
				<travel_time>136.8</travel_time>
			</link>
			<link head="14" tail="20">
				<energy_consumption>96</energy_consumption>
				<travel_time>230.4</travel_time>
			</link>
			<link head="14" tail="21">
				<energy_consumption>43</energy_consumption>
				<travel_time>103.2</travel_time>
			</link>
			<link head="14" tail="22">
				<energy_consumption>89</energy_consumption>
				<travel_time>213.6</travel_time>
			</link>
			<link head="14" tail="23">
				<energy_consumption>14</energy_consumption>
				<travel_time>33.6</travel_time>
			</link>
			<link head="14" tail="24">
				<energy_consumption>108</energy_consumption>
				<travel_time>259.2</travel_time>
			</link>
			<link head="14" tail="25">
				<energy_consumption>23</energy_consumption>
				<travel_time>55.2</travel_time>
			</link>
			<link head="14" tail="26">
				<energy_consumption>30</energy_consumption>
				<travel_time>72</travel_time>
			</link>
			<link head="14" tail="27">
				<energy_consumption>34</energy_consumption>
				<travel_time>81.6</travel_time>
			</link>
			<link head="14" tail="28">
				<energy_consumption>57</energy_consumption>
				<travel_time>136.8</travel_time>
			</link>
			<link head="14" tail="29">
				<energy_consumption>33</energy_consumption>
				<travel_time>79.2</travel_time>
			</link>
			<link head="14" tail="30">
				<energy_consumption>36</energy_consumption>
				<travel_time>86.4</travel_time>
			</link>
			<link head="14" tail="31">
				<energy_consumption>7</energy_consumption>
				<travel_time>16.8</travel_time>
			</link>
			<link head="14" tail="32">
				<energy_consumption>44</energy_consumption>
				<travel_time>105.6</travel_time>
			</link>
			<link head="14" tail="33">
				<energy_consumption>49</energy_consumption>
				<travel_time>117.6</travel_time>
			</link>
			<link head="14" tail="34">
				<energy_consumption>66</energy_consumption>
				<travel_time>158.4</travel_time>
			</link>
			<link head="14" tail="35">
				<energy_consumption>36</energy_consumption>
				<travel_time>86.4</travel_time>
			</link>
			<link head="15" tail="16">
				<energy_consumption>37</energy_consumption>
				<travel_time>88.8</travel_time>
			</link>
			<link head="15" tail="17">
				<energy_consumption>13</energy_consumption>
				<travel_time>31.2</travel_time>
			</link>
			<link head="15" tail="18">
				<energy_consumption>30</energy_consumption>
				<travel_time>72</travel_time>
			</link>
			<link head="15" tail="19">
				<energy_consumption>71</energy_consumption>
				<travel_time>170.4</travel_time>
			</link>
			<link head="15" tail="20">
				<energy_consumption>97</energy_consumption>
				<travel_time>232.8</travel_time>
			</link>
			<link head="15" tail="21">
				<energy_consumption>26</energy_consumption>
				<travel_time>62.4</travel_time>
			</link>
			<link head="15" tail="22">
				<energy_consumption>95</energy_consumption>
				<travel_time>228</travel_time>
			</link>
			<link head="15" tail="23">
				<energy_consumption>17</energy_consumption>
				<travel_time>40.8</travel_time>
			</link>
			<link head="15" tail="24">
				<energy_consumption>117</energy_consumption>
				<travel_time>280.8</travel_time>
			</link>
			<link head="15" tail="25">
				<energy_consumption>23</energy_consumption>
				<travel_time>55.2</travel_time>
			</link>
			<link head="15" tail="26">
				<energy_consumption>41</energy_consumption>
				<travel_time>98.4</travel_time>
			</link>
			<link head="15" tail="27">
				<energy_consumption>33</energy_consumption>
				<travel_time>79.2</travel_time>
			</link>
			<link head="15" tail="28">
				<energy_consumption>40</energy_consumption>
				<travel_time>96</travel_time>
			</link>
			<link head="15" tail="29">
				<energy_consumption>50</energy_consumption>
				<travel_time>120</travel_time>
			</link>
			<link head="15" tail="30">
				<energy_consumption>41</energy_consumption>
				<travel_time>98.4</travel_time>
			</link>
			<link head="15" tail="31">
				<energy_consumption>22</energy_consumption>
				<travel_time>52.8</travel_time>
			</link>
			<link head="15" tail="32">
				<energy_consumption>37</energy_consumption>
				<travel_time>88.8</travel_time>
			</link>
			<link head="15" tail="33">
				<energy_consumption>62</energy_consumption>
				<travel_time>148.8</travel_time>
			</link>
			<link head="15" tail="34">
				<energy_consumption>69</energy_consumption>
				<travel_time>165.6</travel_time>
			</link>
			<link head="15" tail="35">
				<energy_consumption>41</energy_consumption>
				<travel_time>98.4</travel_time>
			</link>
			<link head="16" tail="17">
				<energy_consumption>30</energy_consumption>
				<travel_time>72</travel_time>
			</link>
			<link head="16" tail="18">
				<energy_consumption>39</energy_consumption>
				<travel_time>93.6</travel_time>
			</link>
			<link head="16" tail="19">
				<energy_consumption>84</energy_consumption>
				<travel_time>201.6</travel_time>
			</link>
			<link head="16" tail="20">
				<energy_consumption>76</energy_consumption>
				<travel_time>182.4</travel_time>
			</link>
			<link head="16" tail="21">
				<energy_consumption>24</energy_consumption>
				<travel_time>57.6</travel_time>
			</link>
			<link head="16" tail="22">
				<energy_consumption>83</energy_consumption>
				<travel_time>199.2</travel_time>
			</link>
			<link head="16" tail="23">
				<energy_consumption>36</energy_consumption>
				<travel_time>86.4</travel_time>
			</link>
			<link head="16" tail="24">
				<energy_consumption>110</energy_consumption>
				<travel_time>264</travel_time>
			</link>
			<link head="16" tail="25">
				<energy_consumption>59</energy_consumption>
				<travel_time>141.6</travel_time>
			</link>
			<link head="16" tail="26">
				<energy_consumption>52</energy_consumption>
				<travel_time>124.8</travel_time>
			</link>
			<link head="16" tail="27">
				<energy_consumption>27</energy_consumption>
				<travel_time>64.8</travel_time>
			</link>
			<link head="16" tail="28">
				<energy_consumption>39</energy_consumption>
				<travel_time>93.6</travel_time>
			</link>
			<link head="16" tail="29">
				<energy_consumption>76</energy_consumption>
				<travel_time>182.4</travel_time>
			</link>
			<link head="16" tail="30">
				<energy_consumption>42</energy_consumption>
				<travel_time>100.8</travel_time>
			</link>
			<link head="16" tail="31">
				<energy_consumption>49</energy_consumption>
				<travel_time>117.6</travel_time>
			</link>
			<link head="16" tail="32">
				<energy_consumption>13</energy_consumption>
				<travel_time>31.2</travel_time>
			</link>
			<link head="16" tail="33">
				<energy_consumption>72</energy_consumption>
				<travel_time>172.8</travel_time>
			</link>
			<link head="16" tail="34">
				<energy_consumption>54</energy_consumption>
				<travel_time>129.6</travel_time>
			</link>
			<link head="16" tail="35">
				<energy_consumption>42</energy_consumption>
				<travel_time>100.8</travel_time>
			</link>
			<link head="17" tail="18">
				<energy_consumption>20</energy_consumption>
				<travel_time>48</travel_time>
			</link>
			<link head="17" tail="19">
				<energy_consumption>64</energy_consumption>
				<travel_time>153.6</travel_time>
			</link>
			<link head="17" tail="20">
				<energy_consumption>85</energy_consumption>
				<travel_time>204</travel_time>
			</link>
			<link head="17" tail="21">
				<energy_consumption>29</energy_consumption>
				<travel_time>69.6</travel_time>
			</link>
			<link head="17" tail="22">
				<energy_consumption>83</energy_consumption>
				<travel_time>199.2</travel_time>
			</link>
			<link head="17" tail="23">
				<energy_consumption>8</energy_consumption>
				<travel_time>19.2</travel_time>
			</link>
			<link head="17" tail="24">
				<energy_consumption>106</energy_consumption>
				<travel_time>254.4</travel_time>
			</link>
			<link head="17" tail="25">
				<energy_consumption>34</energy_consumption>
				<travel_time>81.6</travel_time>
			</link>
			<link head="17" tail="26">
				<energy_consumption>32</energy_consumption>
				<travel_time>76.8</travel_time>
			</link>
			<link head="17" tail="27">
				<energy_consumption>21</energy_consumption>
				<travel_time>50.4</travel_time>
			</link>
			<link head="17" tail="28">
				<energy_consumption>45</energy_consumption>
				<travel_time>108</travel_time>
			</link>
			<link head="17" tail="29">
				<energy_consumption>48</energy_consumption>
				<travel_time>115.2</travel_time>
			</link>
			<link head="17" tail="30">
				<energy_consumption>30</energy_consumption>
				<travel_time>72</travel_time>
			</link>
			<link head="17" tail="31">
				<energy_consumption>20</energy_consumption>
				<travel_time>48</travel_time>
			</link>
			<link head="17" tail="32">
				<energy_consumption>26</energy_consumption>
				<travel_time>62.4</travel_time>
			</link>
			<link head="17" tail="33">
				<energy_consumption>54</energy_consumption>
				<travel_time>129.6</travel_time>
			</link>
			<link head="17" tail="34">
				<energy_consumption>56</energy_consumption>
				<travel_time>134.4</travel_time>
			</link>
			<link head="17" tail="35">
				<energy_consumption>30</energy_consumption>
				<travel_time>72</travel_time>
			</link>
			<link head="18" tail="19">
				<energy_consumption>46</energy_consumption>
				<travel_time>110.4</travel_time>
			</link>
			<link head="18" tail="20">
				<energy_consumption>71</energy_consumption>
				<travel_time>170.4</travel_time>
			</link>
			<link head="18" tail="21">
				<energy_consumption>47</energy_consumption>
				<travel_time>112.8</travel_time>
			</link>
			<link head="18" tail="22">
				<energy_consumption>66</energy_consumption>
				<travel_time>158.4</travel_time>
			</link>
			<link head="18" tail="23">
				<energy_consumption>14</energy_consumption>
				<travel_time>33.6</travel_time>
			</link>
			<link head="18" tail="24">
				<energy_consumption>87</energy_consumption>
				<travel_time>208.8</travel_time>
			</link>
			<link head="18" tail="25">
				<energy_consumption>47</energy_consumption>
				<travel_time>112.8</travel_time>
			</link>
			<link head="18" tail="26">
				<energy_consumption>14</energy_consumption>
				<travel_time>33.6</travel_time>
			</link>
			<link head="18" tail="27">
				<energy_consumption>15</energy_consumption>
				<travel_time>36</travel_time>
			</link>
			<link head="18" tail="28">
				<energy_consumption>64</energy_consumption>
				<travel_time>153.6</travel_time>
			</link>
			<link head="18" tail="29">
				<energy_consumption>40</energy_consumption>
				<travel_time>96</travel_time>
			</link>
			<link head="18" tail="30">
				<energy_consumption>12</energy_consumption>
				<travel_time>28.8</travel_time>
			</link>
			<link head="18" tail="31">
				<energy_consumption>20</energy_consumption>
				<travel_time>48</travel_time>
			</link>
			<link head="18" tail="32">
				<energy_consumption>30</energy_consumption>
				<travel_time>72</travel_time>
			</link>
			<link head="18" tail="33">
				<energy_consumption>35</energy_consumption>
				<travel_time>84</travel_time>
			</link>
			<link head="18" tail="34">
				<energy_consumption>42</energy_consumption>
				<travel_time>100.8</travel_time>
			</link>
			<link head="18" tail="35">
				<energy_consumption>12</energy_consumption>
				<travel_time>28.8</travel_time>
			</link>
			<link head="19" tail="20">
				<energy_consumption>78</energy_consumption>
				<travel_time>187.2</travel_time>
			</link>
			<link head="19" tail="21">
				<energy_consumption>92</energy_consumption>
				<travel_time>220.8</travel_time>
			</link>
			<link head="19" tail="22">
				<energy_consumption>58</energy_consumption>
				<travel_time>139.2</travel_time>
			</link>
			<link head="19" tail="23">
				<energy_consumption>56</energy_consumption>
				<travel_time>134.4</travel_time>
			</link>
			<link head="19" tail="24">
				<energy_consumption>63</energy_consumption>
				<travel_time>151.2</travel_time>
			</link>
			<link head="19" tail="25">
				<energy_consumption>77</energy_consumption>
				<travel_time>184.8</travel_time>
			</link>
			<link head="19" tail="26">
				<energy_consumption>33</energy_consumption>
				<travel_time>79.2</travel_time>
			</link>
			<link head="19" tail="27">
				<energy_consumption>57</energy_consumption>
				<travel_time>136.8</travel_time>
			</link>
			<link head="19" tail="28">
				<energy_consumption>109</energy_consumption>
				<travel_time>261.6</travel_time>
			</link>
			<link head="19" tail="29">
				<energy_consumption>36</energy_consumption>
				<travel_time>86.4</travel_time>
			</link>
			<link head="19" tail="30">
				<energy_consumption>43</energy_consumption>
				<travel_time>103.2</travel_time>
			</link>
			<link head="19" tail="31">
				<energy_consumption>50</energy_consumption>
				<travel_time>120</travel_time>
			</link>
			<link head="19" tail="32">
				<energy_consumption>73</energy_consumption>
				<travel_time>175.2</travel_time>
			</link>
			<link head="19" tail="33">
				<energy_consumption>13</energy_consumption>
				<travel_time>31.2</travel_time>
			</link>
			<link head="19" tail="34">
				<energy_consumption>54</energy_consumption>
				<travel_time>129.6</travel_time>
			</link>
			<link head="19" tail="35">
				<energy_consumption>43</energy_consumption>
				<travel_time>103.2</travel_time>
			</link>
			<link head="20" tail="21">
				<energy_consumption>98</energy_consumption>
				<travel_time>235.2</travel_time>
			</link>
			<link head="20" tail="22">
				<energy_consumption>26</energy_consumption>
				<travel_time>62.4</travel_time>
			</link>
			<link head="20" tail="23">
				<energy_consumption>84</energy_consumption>
				<travel_time>201.6</travel_time>
			</link>
			<link head="20" tail="24">
				<energy_consumption>52</energy_consumption>
				<travel_time>124.8</travel_time>
			</link>
			<link head="20" tail="25">
				<energy_consumption>117</energy_consumption>
				<travel_time>280.8</travel_time>
			</link>
			<link head="20" tail="26">
				<energy_consumption>71</energy_consumption>
				<travel_time>170.4</travel_time>
			</link>
			<link head="20" tail="27">
				<energy_consumption>65</energy_consumption>
				<travel_time>156</travel_time>
			</link>
			<link head="20" tail="28">
				<energy_consumption>115</energy_consumption>
				<travel_time>276</travel_time>
			</link>
			<link head="20" tail="29">
				<energy_consumption>101</energy_consumption>
				<travel_time>242.4</travel_time>
			</link>
			<link head="20" tail="30">
				<energy_consumption>61</energy_consumption>
				<travel_time>146.4</travel_time>
			</link>
			<link head="20" tail="31">
				<energy_consumption>91</energy_consumption>
				<travel_time>218.4</travel_time>
			</link>
			<link head="20" tail="32">
				<energy_consumption>66</energy_consumption>
				<travel_time>158.4</travel_time>
			</link>
			<link head="20" tail="33">
				<energy_consumption>69</energy_consumption>
				<travel_time>165.6</travel_time>
			</link>
			<link head="20" tail="34">
				<energy_consumption>31</energy_consumption>
				<travel_time>74.4</travel_time>
			</link>
			<link head="20" tail="35">
				<energy_consumption>61</energy_consumption>
				<travel_time>146.4</travel_time>
			</link>
			<link head="21" tail="22">
				<energy_consumption>103</energy_consumption>
				<travel_time>247.2</travel_time>
			</link>
			<link head="21" tail="23">
				<energy_consumption>37</energy_consumption>
				<travel_time>88.8</travel_time>
			</link>
			<link head="21" tail="24">
				<energy_consumption>129</energy_consumption>
				<travel_time>309.6</travel_time>
			</link>
			<link head="21" tail="25">
				<energy_consumption>44</energy_consumption>
				<travel_time>105.6</travel_time>
			</link>
			<link head="21" tail="26">
				<energy_consumption>60</energy_consumption>
				<travel_time>144</travel_time>
			</link>
			<link head="21" tail="27">
				<energy_consumption>40</energy_consumption>
				<travel_time>96</travel_time>
			</link>
			<link head="21" tail="28">
				<energy_consumption>18</energy_consumption>
				<travel_time>43.2</travel_time>
			</link>
			<link head="21" tail="29">
				<energy_consumption>75</energy_consumption>
				<travel_time>180</travel_time>
			</link>
			<link head="21" tail="30">
				<energy_consumption>54</energy_consumption>
				<travel_time>129.6</travel_time>
			</link>
			<link head="21" tail="31">
				<energy_consumption>47</energy_consumption>
				<travel_time>112.8</travel_time>
			</link>
			<link head="21" tail="32">
				<energy_consumption>33</energy_consumption>
				<travel_time>79.2</travel_time>
			</link>
			<link head="21" tail="33">
				<energy_consumption>81</energy_consumption>
				<travel_time>194.4</travel_time>
			</link>
			<link head="21" tail="34">
				<energy_consumption>75</energy_consumption>
				<travel_time>180</travel_time>
			</link>
			<link head="21" tail="35">
				<energy_consumption>54</energy_consumption>
				<travel_time>129.6</travel_time>
			</link>
			<link head="22" tail="23">
				<energy_consumption>79</energy_consumption>
				<travel_time>189.6</travel_time>
			</link>
			<link head="22" tail="24">
				<energy_consumption>30</energy_consumption>
				<travel_time>72</travel_time>
			</link>
			<link head="22" tail="25">
				<energy_consumption>112</energy_consumption>
				<travel_time>268.8</travel_time>
			</link>
			<link head="22" tail="26">
				<energy_consumption>60</energy_consumption>
				<travel_time>144</travel_time>
			</link>
			<link head="22" tail="27">
				<energy_consumption>64</energy_consumption>
				<travel_time>153.6</travel_time>
			</link>
			<link head="22" tail="28">
				<energy_consumption>120</energy_consumption>
				<travel_time>288</travel_time>
			</link>
			<link head="22" tail="29">
				<energy_consumption>87</energy_consumption>
				<travel_time>208.8</travel_time>
			</link>
			<link head="22" tail="30">
				<energy_consumption>54</energy_consumption>
				<travel_time>129.6</travel_time>
			</link>
			<link head="22" tail="31">
				<energy_consumption>83</energy_consumption>
				<travel_time>199.2</travel_time>
			</link>
			<link head="22" tail="32">
				<energy_consumption>71</energy_consumption>
				<travel_time>170.4</travel_time>
			</link>
			<link head="22" tail="33">
				<energy_consumption>51</energy_consumption>
				<travel_time>122.4</travel_time>
			</link>
			<link head="22" tail="34">
				<energy_consumption>29</energy_consumption>
				<travel_time>69.6</travel_time>
			</link>
			<link head="22" tail="35">
				<energy_consumption>54</energy_consumption>
				<travel_time>129.6</travel_time>
			</link>
			<link head="23" tail="24">
				<energy_consumption>101</energy_consumption>
				<travel_time>242.4</travel_time>
			</link>
			<link head="23" tail="25">
				<energy_consumption>34</energy_consumption>
				<travel_time>81.6</travel_time>
			</link>
			<link head="23" tail="26">
				<energy_consumption>25</energy_consumption>
				<travel_time>60</travel_time>
			</link>
			<link head="23" tail="27">
				<energy_consumption>21</energy_consumption>
				<travel_time>50.4</travel_time>
			</link>
			<link head="23" tail="28">
				<energy_consumption>53</energy_consumption>
				<travel_time>127.2</travel_time>
			</link>
			<link head="23" tail="29">
				<energy_consumption>41</energy_consumption>
				<travel_time>98.4</travel_time>
			</link>
			<link head="23" tail="30">
				<energy_consumption>26</energy_consumption>
				<travel_time>62.4</travel_time>
			</link>
			<link head="23" tail="31">
				<energy_consumption>13</energy_consumption>
				<travel_time>31.2</travel_time>
			</link>
			<link head="23" tail="32">
				<energy_consumption>31</energy_consumption>
				<travel_time>74.4</travel_time>
			</link>
			<link head="23" tail="33">
				<energy_consumption>47</energy_consumption>
				<travel_time>112.8</travel_time>
			</link>
			<link head="23" tail="34">
				<energy_consumption>54</energy_consumption>
				<travel_time>129.6</travel_time>
			</link>
			<link head="23" tail="35">
				<energy_consumption>26</energy_consumption>
				<travel_time>62.4</travel_time>
			</link>
			<link head="24" tail="25">
				<energy_consumption>131</energy_consumption>
				<travel_time>314.4</travel_time>
			</link>
			<link head="24" tail="26">
				<energy_consumption>78</energy_consumption>
				<travel_time>187.2</travel_time>
			</link>
			<link head="24" tail="27">
				<energy_consumption>89</energy_consumption>
				<travel_time>213.6</travel_time>
			</link>
			<link head="24" tail="28">
				<energy_consumption>146</energy_consumption>
				<travel_time>350.4</travel_time>
			</link>
			<link head="24" tail="29">
				<energy_consumption>98</energy_consumption>
				<travel_time>235.2</travel_time>
			</link>
			<link head="24" tail="30">
				<energy_consumption>77</energy_consumption>
				<travel_time>184.8</travel_time>
			</link>
			<link head="24" tail="31">
				<energy_consumption>102</energy_consumption>
				<travel_time>244.8</travel_time>
			</link>
			<link head="24" tail="32">
				<energy_consumption>98</energy_consumption>
				<travel_time>235.2</travel_time>
			</link>
			<link head="24" tail="33">
				<energy_consumption>62</energy_consumption>
				<travel_time>148.8</travel_time>
			</link>
			<link head="24" tail="34">
				<energy_consumption>57</energy_consumption>
				<travel_time>136.8</travel_time>
			</link>
			<link head="24" tail="35">
				<energy_consumption>77</energy_consumption>
				<travel_time>184.8</travel_time>
			</link>
			<link head="25" tail="26">
				<energy_consumption>53</energy_consumption>
				<travel_time>127.2</travel_time>
			</link>
			<link head="25" tail="27">
				<energy_consumption>54</energy_consumption>
				<travel_time>129.6</travel_time>
			</link>
			<link head="25" tail="28">
				<energy_consumption>50</energy_consumption>
				<travel_time>120</travel_time>
			</link>
			<link head="25" tail="29">
				<energy_consumption>46</energy_consumption>
				<travel_time>110.4</travel_time>
			</link>
			<link head="25" tail="30">
				<energy_consumption>58</energy_consumption>
				<travel_time>139.2</travel_time>
			</link>
			<link head="25" tail="31">
				<energy_consumption>30</energy_consumption>
				<travel_time>72</travel_time>
			</link>
			<link head="25" tail="32">
				<energy_consumption>59</energy_consumption>
				<travel_time>141.6</travel_time>
			</link>
			<link head="25" tail="33">
				<energy_consumption>71</energy_consumption>
				<travel_time>170.4</travel_time>
			</link>
			<link head="25" tail="34">
				<energy_consumption>87</energy_consumption>
				<travel_time>208.8</travel_time>
			</link>
			<link head="25" tail="35">
				<energy_consumption>58</energy_consumption>
				<travel_time>139.2</travel_time>
			</link>
			<link head="26" tail="27">
				<energy_consumption>26</energy_consumption>
				<travel_time>62.4</travel_time>
			</link>
			<link head="26" tail="28">
				<energy_consumption>77</energy_consumption>
				<travel_time>184.8</travel_time>
			</link>
			<link head="26" tail="29">
				<energy_consumption>33</energy_consumption>
				<travel_time>79.2</travel_time>
			</link>
			<link head="26" tail="30">
				<energy_consumption>14</energy_consumption>
				<travel_time>33.6</travel_time>
			</link>
			<link head="26" tail="31">
				<energy_consumption>24</energy_consumption>
				<travel_time>57.6</travel_time>
			</link>
			<link head="26" tail="32">
				<energy_consumption>41</energy_consumption>
				<travel_time>98.4</travel_time>
			</link>
			<link head="26" tail="33">
				<energy_consumption>22</energy_consumption>
				<travel_time>52.8</travel_time>
			</link>
			<link head="26" tail="34">
				<energy_consumption>41</energy_consumption>
				<travel_time>98.4</travel_time>
			</link>
			<link head="26" tail="35">
				<energy_consumption>14</energy_consumption>
				<travel_time>33.6</travel_time>
			</link>
			<link head="27" tail="28">
				<energy_consumption>58</energy_consumption>
				<travel_time>139.2</travel_time>
			</link>
			<link head="27" tail="29">
				<energy_consumption>55</energy_consumption>
				<travel_time>132</travel_time>
			</link>
			<link head="27" tail="30">
				<energy_consumption>16</energy_consumption>
				<travel_time>38.4</travel_time>
			</link>
			<link head="27" tail="31">
				<energy_consumption>31</energy_consumption>
				<travel_time>74.4</travel_time>
			</link>
			<link head="27" tail="32">
				<energy_consumption>16</energy_consumption>
				<travel_time>38.4</travel_time>
			</link>
			<link head="27" tail="33">
				<energy_consumption>46</energy_consumption>
				<travel_time>110.4</travel_time>
			</link>
			<link head="27" tail="34">
				<energy_consumption>37</energy_consumption>
				<travel_time>88.8</travel_time>
			</link>
			<link head="27" tail="35">
				<energy_consumption>16</energy_consumption>
				<travel_time>38.4</travel_time>
			</link>
			<link head="28" tail="29">
				<energy_consumption>89</energy_consumption>
				<travel_time>213.6</travel_time>
			</link>
			<link head="28" tail="30">
				<energy_consumption>72</energy_consumption>
				<travel_time>172.8</travel_time>
			</link>
			<link head="28" tail="31">
				<energy_consumption>61</energy_consumption>
				<travel_time>146.4</travel_time>
			</link>
			<link head="28" tail="32">
				<energy_consumption>50</energy_consumption>
				<travel_time>120</travel_time>
			</link>
			<link head="28" tail="33">
				<energy_consumption>99</energy_consumption>
				<travel_time>237.6</travel_time>
			</link>
			<link head="28" tail="34">
				<energy_consumption>92</energy_consumption>
				<travel_time>220.8</travel_time>
			</link>
			<link head="28" tail="35">
				<energy_consumption>72</energy_consumption>
				<travel_time>172.8</travel_time>
			</link>
			<link head="29" tail="30">
				<energy_consumption>46</energy_consumption>
				<travel_time>110.4</travel_time>
			</link>
			<link head="29" tail="31">
				<energy_consumption>29</energy_consumption>
				<travel_time>69.6</travel_time>
			</link>
			<link head="29" tail="32">
				<energy_consumption>69</energy_consumption>
				<travel_time>165.6</travel_time>
			</link>
			<link head="29" tail="33">
				<energy_consumption>37</energy_consumption>
				<travel_time>88.8</travel_time>
			</link>
			<link head="29" tail="34">
				<energy_consumption>72</energy_consumption>
				<travel_time>172.8</travel_time>
			</link>
			<link head="29" tail="35">
				<energy_consumption>46</energy_consumption>
				<travel_time>110.4</travel_time>
			</link>
			<link head="30" tail="31">
				<energy_consumption>30</energy_consumption>
				<travel_time>72</travel_time>
			</link>
			<link head="30" tail="32">
				<energy_consumption>30</energy_consumption>
				<travel_time>72</travel_time>
			</link>
			<link head="30" tail="33">
				<energy_consumption>30</energy_consumption>
				<travel_time>72</travel_time>
			</link>
			<link head="30" tail="34">
				<energy_consumption>30</energy_consumption>
				<travel_time>72</travel_time>
			</link>
			<link head="30" tail="35">
				<energy_consumption>0</energy_consumption>
				<travel_time>0</travel_time>
			</link>
			<link head="31" tail="32">
				<energy_consumption>43</energy_consumption>
				<travel_time>103.2</travel_time>
			</link>
			<link head="31" tail="33">
				<energy_consumption>43</energy_consumption>
				<travel_time>103.2</travel_time>
			</link>
			<link head="31" tail="34">
				<energy_consumption>60</energy_consumption>
				<travel_time>144</travel_time>
			</link>
			<link head="31" tail="35">
				<energy_consumption>30</energy_consumption>
				<travel_time>72</travel_time>
			</link>
			<link head="32" tail="33">
				<energy_consumption>60</energy_consumption>
				<travel_time>144</travel_time>
			</link>
			<link head="32" tail="34">
				<energy_consumption>43</energy_consumption>
				<travel_time>103.2</travel_time>
			</link>
			<link head="32" tail="35">
				<energy_consumption>30</energy_consumption>
				<travel_time>72</travel_time>
			</link>
			<link head="33" tail="34">
				<energy_consumption>43</energy_consumption>
				<travel_time>103.2</travel_time>
			</link>
			<link head="33" tail="35">
				<energy_consumption>30</energy_consumption>
				<travel_time>72</travel_time>
			</link>
			<link head="34" tail="35">
				<energy_consumption>30</energy_consumption>
				<travel_time>72</travel_time>
			</link>
		</links>
	</network>
	<fleet>
		<vehicle_profile type="0" number="6">
			<departure_node>35</departure_node>
			<arrival_node>35</arrival_node>
			<capacity>2300</capacity>
			<max_travel_time>480</max_travel_time>
			<custom>
				<battery_capacity>160</battery_capacity>
				<charging_techs>
					<function has_tech="0">
						<gamma>0.02</gamma>
						<rho>0</rho>
					</function>
					<function has_tech="1">
						<gamma>0.022</gamma>
						<rho>0.375</rho>
					</function>
					<function has_tech="2">
						<gamma>0.024</gamma>
						<rho>0.166667</rho>
					</function>
				</charging_techs>
			</custom>
		</vehicle_profile>
	</fleet>
	<requests>
		<request id="0" node="0">
			<quantity>210</quantity>
			<service_time>9</service_time>
		</request>
		<request id="1" node="1">
			<quantity>161</quantity>
			<service_time>8</service_time>
		</request>
		<request id="2" node="2">
			<quantity>191</quantity>
			<service_time>12</service_time>
		</request>
		<request id="3" node="3">
			<quantity>125</quantity>
			<service_time>12</service_time>
		</request>
		<request id="4" node="4">
			<quantity>195</quantity>
			<service_time>10</service_time>
		</request>
		<request id="5" node="5">
			<quantity>134</quantity>
			<service_time>10</service_time>
		</request>
		<request id="6" node="6">
			<quantity>228</quantity>
			<service_time>8</service_time>
		</request>
		<request id="7" node="7">
			<quantity>156</quantity>
			<service_time>8</service_time>
		</request>
		<request id="8" node="8">
			<quantity>193</quantity>
			<service_time>12</service_time>
		</request>
		<request id="9" node="9">
			<quantity>168</quantity>
			<service_time>11</service_time>
		</request>
		<request id="10" node="10">
			<quantity>129</quantity>
			<service_time>10</service_time>
		</request>
		<request id="11" node="11">
			<quantity>213</quantity>
			<service_time>12</service_time>
		</request>
		<request id="12" node="12">
			<quantity>125</quantity>
			<service_time>10</service_time>
		</request>
		<request id="13" node="13">
			<quantity>194</quantity>
			<service_time>8</service_time>
		</request>
		<request id="14" node="14">
			<quantity>160</quantity>
			<service_time>10</service_time>
		</request>
		<request id="15" node="15">
			<quantity>196</quantity>
			<service_time>9</service_time>
		</request>
		<request id="16" node="16">
			<quantity>190</quantity>
			<service_time>8</service_time>
		</request>
		<request id="17" node="17">
			<quantity>146</quantity>
			<service_time>12</service_time>
		</request>
		<request id="18" node="18">
			<quantity>153</quantity>
			<service_time>10</service_time>
		</request>
		<request id="19" node="19">
			<quantity>161</quantity>
			<service_time>8</service_time>
		</request>
		<request id="20" node="20">
			<quantity>124</quantity>
			<service_time>10</service_time>
		</request>
		<request id="21" node="21">
			<quantity>212</quantity>
			<service_time>12</service_time>
		</request>
		<request id="22" node="22">
			<quantity>128</quantity>
			<service_time>10</service_time>
		</request>
		<request id="23" node="23">
			<quantity>137</quantity>
			<service_time>9</service_time>
		</request>
		<request id="24" node="24">
			<quantity>157</quantity>
			<service_time>11</service_time>
		</request>
		<request id="25" node="25">
			<quantity>220</quantity>
			<service_time>10</service_time>
		</request>
		<request id="26" node="26">
			<quantity>146</quantity>
			<service_time>10</service_time>
		</request>
		<request id="27" node="27">
			<quantity>146</quantity>
			<service_time>11</service_time>
		</request>
		<request id="28" node="28">
			<quantity>129</quantity>
			<service_time>9</service_time>
		</request>
		<request id="29" node="29">
			<quantity>184</quantity>
			<service_time>8</service_time>
		</request>
		<request id="30" node="30">
			<quantity>0</quantity>
			<service_time>5</service_time>
		</request>
		<request id="31" node="31">
			<quantity>0</quantity>
			<service_time>5</service_time>
		</request>
		<request id="32" node="32">
			<quantity>0</quantity>
			<service_time>5</service_time>
		</request>
		<request id="33" node="33">
			<quantity>0</quantity>
			<service_time>5</service_time>
		</request>
		<request id="34" node="34">
			<quantity>0</quantity>
			<service_time>5</service_time>
		</request>
		<request id="35" node="35">
			<quantity>0</quantity>
			<service_time>0</service_time>
		</request>
	</requests>
</instance>

